{
"meta":{"test_sets":[],"test_metrics":[],"learn_metrics":[{"best_value":"Min","name":"RMSE"}],"launch_mode":"Train","parameters":"","iteration_count":1000,"learn_sets":["learn"],"name":"experiment"},
"iterations":[
{"learn":[3224.995493],"iteration":0,"passed_time":0.003154610499,"remaining_time":3.151455889},
{"learn":[3053.633316],"iteration":1,"passed_time":0.005472538557,"remaining_time":2.73079674},
{"learn":[2887.092457],"iteration":2,"passed_time":0.007564203864,"remaining_time":2.513837084},
{"learn":[2733.690215],"iteration":3,"passed_time":0.009815659111,"remaining_time":2.444099119},
{"learn":[2592.417482],"iteration":4,"passed_time":0.01194881567,"remaining_time":2.377814319},
{"learn":[2459.749783],"iteration":5,"passed_time":0.01399933086,"remaining_time":2.319222479},
{"learn":[2330.594455],"iteration":6,"passed_time":0.01611535969,"remaining_time":2.286078882},
{"learn":[2215.277665],"iteration":7,"passed_time":0.01813709661,"remaining_time":2.248999979},
{"learn":[2105.479722],"iteration":8,"passed_time":0.02029386933,"remaining_time":2.234580501},
{"learn":[1994.268603],"iteration":9,"passed_time":0.02247558455,"remaining_time":2.225082871},
{"learn":[1891.440664],"iteration":10,"passed_time":0.02482383768,"remaining_time":2.231888679},
{"learn":[1799.665197],"iteration":11,"passed_time":0.02712427431,"remaining_time":2.233231918},
{"learn":[1712.872566],"iteration":12,"passed_time":0.02940321708,"remaining_time":2.232382712},
{"learn":[1625.771946],"iteration":13,"passed_time":0.03147325225,"remaining_time":2.216616194},
{"learn":[1546.412043],"iteration":14,"passed_time":0.03359682416,"remaining_time":2.206191453},
{"learn":[1472.162682],"iteration":15,"passed_time":0.03611526261,"remaining_time":2.221088651},
{"learn":[1399.798341],"iteration":16,"passed_time":0.03825470623,"remaining_time":2.212022131},
{"learn":[1330.349778],"iteration":17,"passed_time":0.04025913313,"remaining_time":2.196359374},
{"learn":[1270.140422],"iteration":18,"passed_time":0.04231895434,"remaining_time":2.184994432},
{"learn":[1213.573695],"iteration":19,"passed_time":0.04441325494,"remaining_time":2.176249492},
{"learn":[1157.194331],"iteration":20,"passed_time":0.04660625526,"remaining_time":2.172739234},
{"learn":[1104.7199],"iteration":21,"passed_time":0.04858994696,"remaining_time":2.160044006},
{"learn":[1057.38301],"iteration":22,"passed_time":0.05064734031,"remaining_time":2.151410934},
{"learn":[1013.037094],"iteration":23,"passed_time":0.05276606261,"remaining_time":2.145819879},
{"learn":[971.7722619],"iteration":24,"passed_time":0.05479365431,"remaining_time":2.136952518},
{"learn":[930.8601843],"iteration":25,"passed_time":0.05690686816,"remaining_time":2.13181883},
{"learn":[891.0314875],"iteration":26,"passed_time":0.05884469292,"remaining_time":2.120588378},
{"learn":[854.9472908],"iteration":27,"passed_time":0.06077181502,"remaining_time":2.10965015},
{"learn":[823.0538864],"iteration":28,"passed_time":0.0627904644,"remaining_time":2.102397963},
{"learn":[791.339274],"iteration":29,"passed_time":0.06497071874,"remaining_time":2.100719906},
{"learn":[762.0558604],"iteration":30,"passed_time":0.0672092874,"remaining_time":2.100832241},
{"learn":[734.6281988],"iteration":31,"passed_time":0.06919610135,"remaining_time":2.093182066},
{"learn":[708.2720573],"iteration":32,"passed_time":0.07163755182,"remaining_time":2.099197352},
{"learn":[683.3062994],"iteration":33,"passed_time":0.07405884345,"remaining_time":2.104142435},
{"learn":[658.6362371],"iteration":34,"passed_time":0.07684494043,"remaining_time":2.118724786},
{"learn":[635.9433354],"iteration":35,"passed_time":0.0795182081,"remaining_time":2.129320906},
{"learn":[614.9114786],"iteration":36,"passed_time":0.08161902058,"remaining_time":2.124300455},
{"learn":[595.3954846],"iteration":37,"passed_time":0.08393267191,"remaining_time":2.124821852},
{"learn":[577.6283941],"iteration":38,"passed_time":0.08611434113,"remaining_time":2.121945688},
{"learn":[559.9917662],"iteration":39,"passed_time":0.08813224922,"remaining_time":2.115173981},
{"learn":[544.2682672],"iteration":40,"passed_time":0.09015356254,"remaining_time":2.108713817},
{"learn":[528.4854436],"iteration":41,"passed_time":0.09220042337,"remaining_time":2.103047752},
{"learn":[513.4260755],"iteration":42,"passed_time":0.09421021116,"remaining_time":2.096724932},
{"learn":[500.8097049],"iteration":43,"passed_time":0.09640586153,"remaining_time":2.094636446},
{"learn":[489.2249156],"iteration":44,"passed_time":0.09846310472,"remaining_time":2.089605889},
{"learn":[476.6524966],"iteration":45,"passed_time":0.100585484,"remaining_time":2.086055472},
{"learn":[465.5235866],"iteration":46,"passed_time":0.1025873025,"remaining_time":2.080121261},
{"learn":[455.6266947],"iteration":47,"passed_time":0.1045343135,"remaining_time":2.073263884},
{"learn":[446.2283457],"iteration":48,"passed_time":0.1064691132,"remaining_time":2.066369932},
{"learn":[437.0005815],"iteration":49,"passed_time":0.108486806,"remaining_time":2.061249314},
{"learn":[429.097173],"iteration":50,"passed_time":0.1106951416,"remaining_time":2.059797831},
{"learn":[421.3091075],"iteration":51,"passed_time":0.1128001154,"remaining_time":2.056432873},
{"learn":[413.849537],"iteration":52,"passed_time":0.1149637845,"remaining_time":2.054164225},
{"learn":[407.4438654],"iteration":53,"passed_time":0.1172991215,"remaining_time":2.054906833},
{"learn":[406.1491056],"iteration":54,"passed_time":0.1192594974,"remaining_time":2.049095001},
{"learn":[404.6444929],"iteration":55,"passed_time":0.1211906914,"remaining_time":2.042928797},
{"learn":[399.236757],"iteration":56,"passed_time":0.1231626752,"remaining_time":2.037586013},
{"learn":[397.9274987],"iteration":57,"passed_time":0.1243918007,"remaining_time":2.020294418},
{"learn":[391.7322339],"iteration":58,"passed_time":0.1265140402,"remaining_time":2.017791726},
{"learn":[386.7522193],"iteration":59,"passed_time":0.1289337703,"remaining_time":2.019962401},
{"learn":[385.4127766],"iteration":60,"passed_time":0.1310258731,"remaining_time":2.016939259},
{"learn":[384.1048175],"iteration":61,"passed_time":0.1329576365,"remaining_time":2.011520371},
{"learn":[382.9157186],"iteration":62,"passed_time":0.1347863436,"remaining_time":2.004679427},
{"learn":[381.8601373],"iteration":63,"passed_time":0.1366254773,"remaining_time":1.998147605},
{"learn":[380.6209731],"iteration":64,"passed_time":0.1386726211,"remaining_time":1.994752319},
{"learn":[375.5755562],"iteration":65,"passed_time":0.1408328181,"remaining_time":1.99299776},
{"learn":[374.5002076],"iteration":66,"passed_time":0.1426554587,"remaining_time":1.986530492},
{"learn":[370.2745753],"iteration":67,"passed_time":0.1446451805,"remaining_time":1.982489827},
{"learn":[369.1546556],"iteration":68,"passed_time":0.1466252873,"remaining_time":1.978378876},
{"learn":[368.0670657],"iteration":69,"passed_time":0.1498172807,"remaining_time":1.990429586},
{"learn":[365.3954797],"iteration":70,"passed_time":0.1520288106,"remaining_time":1.989222043},
{"learn":[364.4352149],"iteration":71,"passed_time":0.1541777859,"remaining_time":1.987180352},
{"learn":[363.5123102],"iteration":72,"passed_time":0.1560355881,"remaining_time":1.981438221},
{"learn":[362.6036526],"iteration":73,"passed_time":0.1580462396,"remaining_time":1.977713754},
{"learn":[361.731224],"iteration":74,"passed_time":0.1599547678,"remaining_time":1.97277547},
{"learn":[360.9613321],"iteration":75,"passed_time":0.1614403666,"remaining_time":1.962774983},
{"learn":[357.094857],"iteration":76,"passed_time":0.163466217,"remaining_time":1.959471666},
{"learn":[354.1122414],"iteration":77,"passed_time":0.1654375403,"remaining_time":1.955556566},
{"learn":[353.2131775],"iteration":78,"passed_time":0.1674270486,"remaining_time":1.951902681},
{"learn":[352.4477277],"iteration":79,"passed_time":0.1689050348,"remaining_time":1.9424079},
{"learn":[350.2270545],"iteration":80,"passed_time":0.1708785889,"remaining_time":1.93873362},
{"learn":[349.5660737],"iteration":81,"passed_time":0.1722316474,"remaining_time":1.928154297},
{"learn":[345.5375192],"iteration":82,"passed_time":0.174380016,"remaining_time":1.926584032},
{"learn":[344.9042372],"iteration":83,"passed_time":0.1763249472,"remaining_time":1.922781567},
{"learn":[344.137447],"iteration":84,"passed_time":0.1782697769,"remaining_time":1.919021716},
{"learn":[343.5450178],"iteration":85,"passed_time":0.1795858882,"remaining_time":1.908622114},
{"learn":[340.6684015],"iteration":86,"passed_time":0.1816215776,"remaining_time":1.905982763},
{"learn":[338.2672848],"iteration":87,"passed_time":0.1835852658,"remaining_time":1.902610937},
{"learn":[337.6308723],"iteration":88,"passed_time":0.1852965292,"remaining_time":1.896686945},
{"learn":[336.9608063],"iteration":89,"passed_time":0.1871880209,"remaining_time":1.892678878},
{"learn":[336.3813315],"iteration":90,"passed_time":0.1888077111,"remaining_time":1.886002301},
{"learn":[335.8103867],"iteration":91,"passed_time":0.1908589736,"remaining_time":1.883695087},
{"learn":[332.3830604],"iteration":92,"passed_time":0.1931418685,"remaining_time":1.883652416},
{"learn":[331.8364533],"iteration":93,"passed_time":0.1949879377,"remaining_time":1.879351825},
{"learn":[329.6100255],"iteration":94,"passed_time":0.1969582949,"remaining_time":1.876286914},
{"learn":[329.0214197],"iteration":95,"passed_time":0.1990114028,"remaining_time":1.874024043},
{"learn":[328.5262053],"iteration":96,"passed_time":0.2006802306,"remaining_time":1.868188126},
{"learn":[328.079388],"iteration":97,"passed_time":0.2026824249,"remaining_time":1.865505585},
{"learn":[325.9357373],"iteration":98,"passed_time":0.2046722283,"remaining_time":1.862724017},
{"learn":[325.4116327],"iteration":99,"passed_time":0.2062871123,"remaining_time":1.85658401},
{"learn":[324.9499588],"iteration":100,"passed_time":0.2079791968,"remaining_time":1.851220772},
{"learn":[322.8763424],"iteration":101,"passed_time":0.2100686356,"remaining_time":1.849427792},
{"learn":[322.3851187],"iteration":102,"passed_time":0.2120981622,"remaining_time":1.847107296},
{"learn":[320.7619983],"iteration":103,"passed_time":0.2140078814,"remaining_time":1.843760209},
{"learn":[320.3093481],"iteration":104,"passed_time":0.215965168,"remaining_time":1.840845955},
{"learn":[319.916855],"iteration":105,"passed_time":0.2174920366,"remaining_time":1.834319629},
{"learn":[319.4055529],"iteration":106,"passed_time":0.2194177681,"remaining_time":1.831215579},
{"learn":[319.0755088],"iteration":107,"passed_time":0.2213670507,"remaining_time":1.828327863},
{"learn":[317.1267629],"iteration":108,"passed_time":0.2235557969,"remaining_time":1.827414817},
{"learn":[315.2260791],"iteration":109,"passed_time":0.2256694022,"remaining_time":1.825870618},
{"learn":[314.9155632],"iteration":110,"passed_time":0.2269997099,"remaining_time":1.818042722},
{"learn":[313.1573916],"iteration":111,"passed_time":0.2289728951,"remaining_time":1.815427954},
{"learn":[311.8665592],"iteration":112,"passed_time":0.2309145114,"remaining_time":1.81257674},
{"learn":[310.3398279],"iteration":113,"passed_time":0.2329493363,"remaining_time":1.810465894},
{"learn":[310.0578712],"iteration":114,"passed_time":0.2343734012,"remaining_time":1.803656175},
{"learn":[308.7828701],"iteration":115,"passed_time":0.2364429868,"remaining_time":1.801858623},
{"learn":[308.4444771],"iteration":116,"passed_time":0.2383539342,"remaining_time":1.798859179},
{"learn":[308.1885125],"iteration":117,"passed_time":0.2398349698,"remaining_time":1.792664774},
{"learn":[307.9085974],"iteration":118,"passed_time":0.241294646,"remaining_time":1.786391455},
{"learn":[307.6237612],"iteration":119,"passed_time":0.243253706,"remaining_time":1.78386051},
{"learn":[307.3585002],"iteration":120,"passed_time":0.2447004053,"remaining_time":1.777616994},
{"learn":[305.5923468],"iteration":121,"passed_time":0.2466724569,"remaining_time":1.775232928},
{"learn":[305.3390561],"iteration":122,"passed_time":0.2484664164,"remaining_time":1.771585749},
{"learn":[303.6743661],"iteration":123,"passed_time":0.2509603507,"remaining_time":1.772913445},
{"learn":[302.9086115],"iteration":124,"passed_time":0.2529390582,"remaining_time":1.770573408},
{"learn":[302.1678121],"iteration":125,"passed_time":0.254909793,"remaining_time":1.768183802},
{"learn":[301.4339258],"iteration":126,"passed_time":0.2569248462,"remaining_time":1.766105439},
{"learn":[301.2114322],"iteration":127,"passed_time":0.2584952373,"remaining_time":1.760998804},
{"learn":[298.9214553],"iteration":128,"passed_time":0.2608017899,"remaining_time":1.760917512},
{"learn":[297.4142054],"iteration":129,"passed_time":0.2630140872,"remaining_time":1.760171199},
{"learn":[296.2596177],"iteration":130,"passed_time":0.267592254,"remaining_time":1.775096708},
{"learn":[294.9297693],"iteration":131,"passed_time":0.270306065,"remaining_time":1.777467155},
{"learn":[294.7083847],"iteration":132,"passed_time":0.2720511334,"remaining_time":1.77344611},
{"learn":[294.5250957],"iteration":133,"passed_time":0.2734345065,"remaining_time":1.767121512},
{"learn":[293.1413429],"iteration":134,"passed_time":0.2759096873,"remaining_time":1.767865774},
{"learn":[292.912078],"iteration":135,"passed_time":0.2782419732,"remaining_time":1.767654889},
{"learn":[292.4976182],"iteration":136,"passed_time":0.2804253646,"remaining_time":1.766475107},
{"learn":[292.3352428],"iteration":137,"passed_time":0.2818820939,"remaining_time":1.760741775},
{"learn":[291.6375574],"iteration":138,"passed_time":0.283974681,"remaining_time":1.759008636},
{"learn":[291.4560275],"iteration":139,"passed_time":0.2859849141,"remaining_time":1.756764472},
{"learn":[290.1715214],"iteration":140,"passed_time":0.2881524893,"remaining_time":1.755482187},
{"learn":[290.0221998],"iteration":141,"passed_time":0.2902161038,"remaining_time":1.753559275},
{"learn":[289.732528],"iteration":142,"passed_time":0.2924494608,"remaining_time":1.752651664},
{"learn":[289.5934292],"iteration":143,"passed_time":0.2940548044,"remaining_time":1.747992448},
{"learn":[289.4586331],"iteration":144,"passed_time":0.2962216921,"remaining_time":1.746686529},
{"learn":[289.3405492],"iteration":145,"passed_time":0.2974891041,"remaining_time":1.740107499},
{"learn":[288.2819372],"iteration":146,"passed_time":0.2996834759,"remaining_time":1.738979626},
{"learn":[287.6298735],"iteration":147,"passed_time":0.3018044021,"remaining_time":1.737414531},
{"learn":[286.8545926],"iteration":148,"passed_time":0.3039754147,"remaining_time":1.736128039},
{"learn":[286.7127327],"iteration":149,"passed_time":0.3059083829,"remaining_time":1.733480836},
{"learn":[286.1783699],"iteration":150,"passed_time":0.3079425767,"remaining_time":1.731412236},
{"learn":[285.4361087],"iteration":151,"passed_time":0.310344002,"remaining_time":1.731392853},
{"learn":[285.310295],"iteration":152,"passed_time":0.3124278994,"remaining_time":1.729584515},
{"learn":[284.5393677],"iteration":153,"passed_time":0.31535686,"remaining_time":1.732414958},
{"learn":[284.0352349],"iteration":154,"passed_time":0.317733795,"remaining_time":1.732161657},
{"learn":[283.2644152],"iteration":155,"passed_time":0.3202020664,"remaining_time":1.732375282},
{"learn":[282.617518],"iteration":156,"passed_time":0.3223169225,"remaining_time":1.730657106},
{"learn":[282.5226475],"iteration":157,"passed_time":0.323803667,"remaining_time":1.725586631},
{"learn":[282.412968],"iteration":158,"passed_time":0.3257982793,"remaining_time":1.723247502},
{"learn":[282.207891],"iteration":159,"passed_time":0.3280400917,"remaining_time":1.722210481},
{"learn":[281.5358134],"iteration":160,"passed_time":0.3302729115,"remaining_time":1.721111632},
{"learn":[280.8286927],"iteration":161,"passed_time":0.3324948993,"remaining_time":1.71994275},
{"learn":[280.157768],"iteration":162,"passed_time":0.3348156987,"remaining_time":1.719268342},
{"learn":[279.6093965],"iteration":163,"passed_time":0.3375235222,"remaining_time":1.720546735},
{"learn":[279.5312469],"iteration":164,"passed_time":0.3393507155,"remaining_time":1.717320287},
{"learn":[278.9289729],"iteration":165,"passed_time":0.3420150825,"remaining_time":1.71831674},
{"learn":[278.5555295],"iteration":166,"passed_time":0.3446856202,"remaining_time":1.71930013},
{"learn":[278.1241461],"iteration":167,"passed_time":0.3472678467,"remaining_time":1.719802669},
{"learn":[277.5516252],"iteration":168,"passed_time":0.3501617845,"remaining_time":1.721801437},
{"learn":[277.1527997],"iteration":169,"passed_time":0.3528082217,"remaining_time":1.722534259},
{"learn":[276.5073454],"iteration":170,"passed_time":0.3555225875,"remaining_time":1.723556871},
{"learn":[275.7483803],"iteration":171,"passed_time":0.3584673364,"remaining_time":1.725645085},
{"learn":[275.1026226],"iteration":172,"passed_time":0.3626739907,"remaining_time":1.733707458},
{"learn":[274.7799116],"iteration":173,"passed_time":0.3650757788,"remaining_time":1.733060881},
{"learn":[273.8821467],"iteration":174,"passed_time":0.3677638288,"remaining_time":1.733743764},
{"learn":[273.6726349],"iteration":175,"passed_time":0.37014928,"remaining_time":1.732971629},
{"learn":[273.6174576],"iteration":176,"passed_time":0.3734998646,"remaining_time":1.736668862},
{"learn":[273.4371809],"iteration":177,"passed_time":0.3797081212,"remaining_time":1.753483571},
{"learn":[273.3732747],"iteration":178,"passed_time":0.3829310013,"remaining_time":1.756348336},
{"learn":[272.5917503],"iteration":179,"passed_time":0.3894336054,"remaining_time":1.774086425},
{"learn":[271.7896449],"iteration":180,"passed_time":0.394967821,"remaining_time":1.787174837},
{"learn":[271.0155427],"iteration":181,"passed_time":0.4095886275,"remaining_time":1.840898337},
{"learn":[270.9666556],"iteration":182,"passed_time":0.4134374978,"remaining_time":1.845783802},
{"learn":[270.5575054],"iteration":183,"passed_time":0.4166748269,"remaining_time":1.847862276},
{"learn":[270.027071],"iteration":184,"passed_time":0.4193399995,"remaining_time":1.8473627},
{"learn":[269.3947804],"iteration":185,"passed_time":0.4221249628,"remaining_time":1.847364085},
{"learn":[269.3186551],"iteration":186,"passed_time":0.4249991124,"remaining_time":1.847723414},
{"learn":[269.0991539],"iteration":187,"passed_time":0.4305570092,"remaining_time":1.859639848},
{"learn":[269.0589209],"iteration":188,"passed_time":0.4335289497,"remaining_time":1.860275017},
{"learn":[269.019822],"iteration":189,"passed_time":0.4363221688,"remaining_time":1.860110298},
{"learn":[268.5143721],"iteration":190,"passed_time":0.439163542,"remaining_time":1.860122018},
{"learn":[268.0846661],"iteration":191,"passed_time":0.4420931362,"remaining_time":1.860475282},
{"learn":[268.0495254],"iteration":192,"passed_time":0.4435398616,"remaining_time":1.854594136},
{"learn":[267.7710956],"iteration":193,"passed_time":0.4472055723,"remaining_time":1.85797779},
{"learn":[267.2043535],"iteration":194,"passed_time":0.4500284802,"remaining_time":1.85780988},
{"learn":[266.5115629],"iteration":195,"passed_time":0.4526504741,"remaining_time":1.85679072},
{"learn":[266.478773],"iteration":196,"passed_time":0.4549398443,"remaining_time":1.854399467},
{"learn":[266.0228182],"iteration":197,"passed_time":0.4577978288,"remaining_time":1.854312418},
{"learn":[265.9924846],"iteration":198,"passed_time":0.4602068146,"remaining_time":1.852390244},
{"learn":[265.9625547],"iteration":199,"passed_time":0.4627548533,"remaining_time":1.851019413},
{"learn":[265.4382684],"iteration":200,"passed_time":0.4654131155,"remaining_time":1.850075021},
{"learn":[265.0155246],"iteration":201,"passed_time":0.4693103518,"remaining_time":1.854008221},
{"learn":[264.6311313],"iteration":202,"passed_time":0.4718625371,"remaining_time":1.852583458},
{"learn":[264.5151261],"iteration":203,"passed_time":0.4806231282,"remaining_time":1.875372598},
{"learn":[264.1129022],"iteration":204,"passed_time":0.4834076012,"remaining_time":1.874678258},
{"learn":[263.771256],"iteration":205,"passed_time":0.4860549767,"remaining_time":1.873435202},
{"learn":[263.7459209],"iteration":206,"passed_time":0.4884373464,"remaining_time":1.871163361},
{"learn":[263.2702532],"iteration":207,"passed_time":0.4910583395,"remaining_time":1.869799062},
{"learn":[262.8133564],"iteration":208,"passed_time":0.4936658713,"remaining_time":1.86837179},
{"learn":[262.3590749],"iteration":209,"passed_time":0.4966034009,"remaining_time":1.868174699},
{"learn":[261.6321966],"iteration":210,"passed_time":0.4994392666,"remaining_time":1.867571475},
{"learn":[261.2771591],"iteration":211,"passed_time":0.5020672888,"remaining_time":1.866174639},
{"learn":[260.9941168],"iteration":212,"passed_time":0.5045341488,"remaining_time":1.864170775},
{"learn":[260.5211619],"iteration":213,"passed_time":0.5071765966,"remaining_time":1.8628075},
{"learn":[260.1209061],"iteration":214,"passed_time":0.5097032083,"remaining_time":1.861009388},
{"learn":[260.0972553],"iteration":215,"passed_time":0.5120925881,"remaining_time":1.858706431},
{"learn":[259.8846684],"iteration":216,"passed_time":0.5141390948,"remaining_time":1.85516549},
{"learn":[259.8622225],"iteration":217,"passed_time":0.5165311108,"remaining_time":1.852877654},
{"learn":[259.4422977],"iteration":218,"passed_time":0.5192242031,"remaining_time":1.851662569},
{"learn":[259.1482347],"iteration":219,"passed_time":0.5216567529,"remaining_time":1.849510306},
{"learn":[258.574557],"iteration":220,"passed_time":0.5240998049,"remaining_time":1.847392525},
{"learn":[258.085031],"iteration":221,"passed_time":0.5265596053,"remaining_time":1.845330509},
{"learn":[257.7105577],"iteration":222,"passed_time":0.5292475086,"remaining_time":1.844059705},
{"learn":[257.4058323],"iteration":223,"passed_time":0.5319134919,"remaining_time":1.842700311},
{"learn":[256.9399821],"iteration":224,"passed_time":0.5348063064,"remaining_time":1.842110611},
{"learn":[256.5712289],"iteration":225,"passed_time":0.5374344294,"remaining_time":1.840594019},
{"learn":[256.2033853],"iteration":226,"passed_time":0.5403160916,"remaining_time":1.839931008},
{"learn":[256.1840756],"iteration":227,"passed_time":0.5429460626,"remaining_time":1.838396317},
{"learn":[255.7512014],"iteration":228,"passed_time":0.5459729347,"remaining_time":1.838188352},
{"learn":[255.4660416],"iteration":229,"passed_time":0.54856312,"remaining_time":1.836493924},
{"learn":[255.1420474],"iteration":230,"passed_time":0.5511818284,"remaining_time":1.834886693},
{"learn":[254.880236],"iteration":231,"passed_time":0.553833492,"remaining_time":1.833379836},
{"learn":[254.6513346],"iteration":232,"passed_time":0.5571006367,"remaining_time":1.83388922},
{"learn":[254.3032308],"iteration":233,"passed_time":0.5596305469,"remaining_time":1.831952987},
{"learn":[253.9721841],"iteration":234,"passed_time":0.562440951,"remaining_time":1.830924798},
{"learn":[253.6898711],"iteration":235,"passed_time":0.5651610456,"remaining_time":1.829589148},
{"learn":[253.6633045],"iteration":236,"passed_time":0.567563365,"remaining_time":1.827218766},
{"learn":[253.2637126],"iteration":237,"passed_time":0.5703698673,"remaining_time":1.82614218},
{"learn":[252.7686127],"iteration":238,"passed_time":0.5747433242,"remaining_time":1.830040459},
{"learn":[252.4643184],"iteration":239,"passed_time":0.5777115556,"remaining_time":1.829419926},
{"learn":[252.1868094],"iteration":240,"passed_time":0.5803969738,"remaining_time":1.827889225},
{"learn":[251.7119752],"iteration":241,"passed_time":0.5842335087,"remaining_time":1.829954544},
{"learn":[251.4439323],"iteration":242,"passed_time":0.5975857869,"remaining_time":1.861614982},
{"learn":[251.1279646],"iteration":243,"passed_time":0.600536296,"remaining_time":1.860678032},
{"learn":[250.8385699],"iteration":244,"passed_time":0.6032758595,"remaining_time":1.859074587},
{"learn":[250.4078168],"iteration":245,"passed_time":0.6060470682,"remaining_time":1.8575589},
{"learn":[250.1658548],"iteration":246,"passed_time":0.6090167657,"remaining_time":1.856638156},
{"learn":[249.9155871],"iteration":247,"passed_time":0.6116891211,"remaining_time":1.85479927},
{"learn":[249.5487321],"iteration":248,"passed_time":0.6149748023,"remaining_time":1.85480352},
{"learn":[249.154189],"iteration":249,"passed_time":0.6177882071,"remaining_time":1.853364621},
{"learn":[248.955134],"iteration":250,"passed_time":0.6208584523,"remaining_time":1.852681198},
{"learn":[248.60336],"iteration":251,"passed_time":0.6253704683,"remaining_time":1.856258374},
{"learn":[248.1893019],"iteration":252,"passed_time":0.6295231076,"remaining_time":1.858710519},
{"learn":[247.8882157],"iteration":253,"passed_time":0.6355931506,"remaining_time":1.866742088},
{"learn":[247.6219466],"iteration":254,"passed_time":0.639331405,"remaining_time":1.867850575},
{"learn":[247.264007],"iteration":255,"passed_time":0.6436367529,"remaining_time":1.870569313},
{"learn":[247.0710246],"iteration":256,"passed_time":0.6475124016,"remaining_time":1.871991107},
{"learn":[246.8742224],"iteration":257,"passed_time":0.650469078,"remaining_time":1.870728899},
{"learn":[246.6153195],"iteration":258,"passed_time":0.6532874478,"remaining_time":1.869057911},
{"learn":[246.3266738],"iteration":259,"passed_time":0.6559824689,"remaining_time":1.867027027},
{"learn":[246.1441199],"iteration":260,"passed_time":0.6592834316,"remaining_time":1.866706728},
{"learn":[245.8806999],"iteration":261,"passed_time":0.6622161298,"remaining_time":1.86532635},
{"learn":[245.6566856],"iteration":262,"passed_time":0.6651690442,"remaining_time":1.86399082},
{"learn":[245.4127864],"iteration":263,"passed_time":0.6677943114,"remaining_time":1.861729595},
{"learn":[245.1140093],"iteration":264,"passed_time":0.67037628,"remaining_time":1.859345531},
{"learn":[244.7583135],"iteration":265,"passed_time":0.6735934729,"remaining_time":1.858712816},
{"learn":[244.4631131],"iteration":266,"passed_time":0.6765500087,"remaining_time":1.857345155},
{"learn":[244.177409],"iteration":267,"passed_time":0.6797913663,"remaining_time":1.856743582},
{"learn":[243.9715266],"iteration":268,"passed_time":0.6838729756,"remaining_time":1.858405744},
{"learn":[243.7982134],"iteration":269,"passed_time":0.6877675696,"remaining_time":1.859519725},
{"learn":[243.5843897],"iteration":270,"passed_time":0.6923435012,"remaining_time":1.862429566},
{"learn":[243.3570221],"iteration":271,"passed_time":0.6950131597,"remaining_time":1.86018228},
{"learn":[243.1399164],"iteration":272,"passed_time":0.6976363696,"remaining_time":1.857808208},
{"learn":[242.8543721],"iteration":273,"passed_time":0.70022447,"remaining_time":1.855339289},
{"learn":[242.6309071],"iteration":274,"passed_time":0.7032847947,"remaining_time":1.854114459},
{"learn":[242.4379076],"iteration":275,"passed_time":0.7060262026,"remaining_time":1.852039749},
{"learn":[242.274378],"iteration":276,"passed_time":0.7084933534,"remaining_time":1.849244384},
{"learn":[241.8813794],"iteration":277,"passed_time":0.7111451619,"remaining_time":1.84693096},
{"learn":[241.5946236],"iteration":278,"passed_time":0.7141358134,"remaining_time":1.845490758},
{"learn":[241.4422657],"iteration":279,"passed_time":0.716829259,"remaining_time":1.843275237},
{"learn":[241.1044828],"iteration":280,"passed_time":0.7197862817,"remaining_time":1.841730735},
{"learn":[240.6930601],"iteration":281,"passed_time":0.7224424954,"remaining_time":1.839410325},
{"learn":[240.4119494],"iteration":282,"passed_time":0.7250908492,"remaining_time":1.837067629},
{"learn":[239.8696131],"iteration":283,"passed_time":0.7306919369,"remaining_time":1.842166996},
{"learn":[239.5439763],"iteration":284,"passed_time":0.7350422672,"remaining_time":1.844053407},
{"learn":[239.237892],"iteration":285,"passed_time":0.7392878477,"remaining_time":1.845634697},
{"learn":[239.0647924],"iteration":286,"passed_time":0.7432758891,"remaining_time":1.846535571},
{"learn":[238.8650137],"iteration":287,"passed_time":0.7461443393,"remaining_time":1.844634616},
{"learn":[238.7170957],"iteration":288,"passed_time":0.7486856265,"remaining_time":1.841922078},
{"learn":[238.546726],"iteration":289,"passed_time":0.7516851891,"remaining_time":1.840332704},
{"learn":[238.3281716],"iteration":290,"passed_time":0.7543553935,"remaining_time":1.837931182},
{"learn":[238.0977602],"iteration":291,"passed_time":0.7571371461,"remaining_time":1.835798286},
{"learn":[237.7323664],"iteration":292,"passed_time":0.7599374403,"remaining_time":1.833705701},
{"learn":[237.4392921],"iteration":293,"passed_time":0.7630036875,"remaining_time":1.83224695},
{"learn":[237.2752774],"iteration":294,"passed_time":0.7663041623,"remaining_time":1.831337066},
{"learn":[237.1117168],"iteration":295,"passed_time":0.7689637196,"remaining_time":1.828886685},
{"learn":[236.8956166],"iteration":296,"passed_time":0.7718697663,"remaining_time":1.827018336},
{"learn":[236.7153034],"iteration":297,"passed_time":0.7745451502,"remaining_time":1.824599649},
{"learn":[236.4102524],"iteration":298,"passed_time":0.7783348651,"remaining_time":1.824791774},
{"learn":[236.2004179],"iteration":299,"passed_time":0.7814575151,"remaining_time":1.823400869},
{"learn":[235.9800993],"iteration":300,"passed_time":0.7858077647,"remaining_time":1.824849261},
{"learn":[235.8748361],"iteration":301,"passed_time":0.7899153886,"remaining_time":1.825698481},
{"learn":[235.7740533],"iteration":302,"passed_time":0.7938471641,"remaining_time":1.826110473},
{"learn":[235.5294796],"iteration":303,"passed_time":0.7972725077,"remaining_time":1.825334425},
{"learn":[234.8682032],"iteration":304,"passed_time":0.799931098,"remaining_time":1.822793814},
{"learn":[234.3857275],"iteration":305,"passed_time":0.8027120598,"remaining_time":1.820529966},
{"learn":[234.1106676],"iteration":306,"passed_time":0.8065314791,"remaining_time":1.820606889},
{"learn":[233.8902423],"iteration":307,"passed_time":0.8150103594,"remaining_time":1.831127171},
{"learn":[233.7214173],"iteration":308,"passed_time":0.8191775822,"remaining_time":1.831882554},
{"learn":[233.4980195],"iteration":309,"passed_time":0.8224134496,"remaining_time":1.830533162},
{"learn":[233.2459916],"iteration":310,"passed_time":0.8262147552,"remaining_time":1.830424329},
{"learn":[233.0553587],"iteration":311,"passed_time":0.8301784208,"remaining_time":1.830649851},
{"learn":[232.5472347],"iteration":312,"passed_time":0.8332561371,"remaining_time":1.828904045},
{"learn":[232.394078],"iteration":313,"passed_time":0.8377237557,"remaining_time":1.830186294},
{"learn":[232.0460708],"iteration":314,"passed_time":0.8444509204,"remaining_time":1.836345652},
{"learn":[231.9031653],"iteration":315,"passed_time":0.8484618574,"remaining_time":1.836544021},
{"learn":[231.7837749],"iteration":316,"passed_time":0.8516545401,"remaining_time":1.834952842},
{"learn":[231.579866],"iteration":317,"passed_time":0.8556533014,"remaining_time":1.835080351},
{"learn":[230.9039863],"iteration":318,"passed_time":0.8883013456,"remaining_time":1.896342371},
{"learn":[230.8199985],"iteration":319,"passed_time":0.9012877039,"remaining_time":1.915236371},
{"learn":[230.6958826],"iteration":320,"passed_time":0.9041408952,"remaining_time":1.912497408},
{"learn":[230.5782006],"iteration":321,"passed_time":0.9110236078,"remaining_time":1.918242255},
{"learn":[230.2869305],"iteration":322,"passed_time":0.9175387895,"remaining_time":1.923138577},
{"learn":[230.101983],"iteration":323,"passed_time":0.9278427199,"remaining_time":1.935869379},
{"learn":[229.8553806],"iteration":324,"passed_time":0.9375002175,"remaining_time":1.947115836},
{"learn":[229.4862013],"iteration":325,"passed_time":0.9424077146,"remaining_time":1.948413496},
{"learn":[229.3197859],"iteration":326,"passed_time":0.9471499646,"remaining_time":1.949333107},
{"learn":[229.1237794],"iteration":327,"passed_time":0.951555263,"remaining_time":1.949527856},
{"learn":[228.9589994],"iteration":328,"passed_time":0.9556770989,"remaining_time":1.949116515},
{"learn":[228.8316973],"iteration":329,"passed_time":0.9666427818,"remaining_time":1.962577769},
{"learn":[228.6499464],"iteration":330,"passed_time":0.9691218574,"remaining_time":1.958738739},
{"learn":[228.5704694],"iteration":331,"passed_time":0.9718128005,"remaining_time":1.955334189},
{"learn":[228.3077542],"iteration":332,"passed_time":0.9785189765,"remaining_time":1.959976448},
{"learn":[228.2043302],"iteration":333,"passed_time":0.9863488998,"remaining_time":1.966791519},
{"learn":[228.1415971],"iteration":334,"passed_time":0.9992811059,"remaining_time":1.983647568},
{"learn":[228.0162086],"iteration":335,"passed_time":1.007844349,"remaining_time":1.991692404},
{"learn":[227.8515689],"iteration":336,"passed_time":1.016325243,"remaining_time":1.999476665},
{"learn":[227.7279268],"iteration":337,"passed_time":1.040359147,"remaining_time":2.037626495},
{"learn":[227.5636199],"iteration":338,"passed_time":1.043587253,"remaining_time":2.034841221},
{"learn":[227.3083676],"iteration":339,"passed_time":1.046359216,"remaining_time":2.031167889},
{"learn":[227.1166377],"iteration":340,"passed_time":1.049032039,"remaining_time":2.027308251},
{"learn":[226.9615104],"iteration":341,"passed_time":1.05204074,"remaining_time":2.024101775},
{"learn":[226.8225412],"iteration":342,"passed_time":1.054707398,"remaining_time":2.020241284},
{"learn":[226.6640925],"iteration":343,"passed_time":1.057497055,"remaining_time":2.016622291},
{"learn":[226.5358231],"iteration":344,"passed_time":1.060125356,"remaining_time":2.012701763},
{"learn":[226.4147564],"iteration":345,"passed_time":1.062875424,"remaining_time":2.009018866},
{"learn":[225.8338789],"iteration":346,"passed_time":1.065395706,"remaining_time":2.004908923},
{"learn":[225.5085174],"iteration":347,"passed_time":1.074436376,"remaining_time":2.013024474},
{"learn":[225.3643428],"iteration":348,"passed_time":1.077868785,"remaining_time":2.010580456},
{"learn":[225.1361087],"iteration":349,"passed_time":1.081945326,"remaining_time":2.009327034},
{"learn":[224.5688699],"iteration":350,"passed_time":1.085289089,"remaining_time":2.006702617},
{"learn":[224.457207],"iteration":351,"passed_time":1.087566332,"remaining_time":2.002110748},
{"learn":[224.3247115],"iteration":352,"passed_time":1.090172543,"remaining_time":1.998134944},
{"learn":[224.1566008],"iteration":353,"passed_time":1.093028041,"remaining_time":1.994621793},
{"learn":[224.0453686],"iteration":354,"passed_time":1.095780778,"remaining_time":1.99092564},
{"learn":[223.7398309],"iteration":355,"passed_time":1.098570255,"remaining_time":1.987301247},
{"learn":[223.593162],"iteration":356,"passed_time":1.101300575,"remaining_time":1.983574986},
{"learn":[223.3501895],"iteration":357,"passed_time":1.103866091,"remaining_time":1.979558744},
{"learn":[223.1999554],"iteration":358,"passed_time":1.106935553,"remaining_time":1.976450389},
{"learn":[223.0256394],"iteration":359,"passed_time":1.1095937,"remaining_time":1.972611022},
{"learn":[222.9233369],"iteration":360,"passed_time":1.112104761,"remaining_time":1.968517846},
{"learn":[222.3686268],"iteration":361,"passed_time":1.114660482,"remaining_time":1.96451212},
{"learn":[222.1108935],"iteration":362,"passed_time":1.119927617,"remaining_time":1.96527243},
{"learn":[221.9218213],"iteration":363,"passed_time":1.124030273,"remaining_time":1.963964983},
{"learn":[221.5881008],"iteration":364,"passed_time":1.129427214,"remaining_time":1.964893921},
{"learn":[221.4864364],"iteration":365,"passed_time":1.132940504,"remaining_time":1.962525353},
{"learn":[221.4068568],"iteration":366,"passed_time":1.1354204,"remaining_time":1.958368156},
{"learn":[221.2813279],"iteration":367,"passed_time":1.138055397,"remaining_time":1.954486443},
{"learn":[221.0305556],"iteration":368,"passed_time":1.140977177,"remaining_time":1.951101894},
{"learn":[220.8751826],"iteration":369,"passed_time":1.14378376,"remaining_time":1.947523699},
{"learn":[220.7435629],"iteration":370,"passed_time":1.146743304,"remaining_time":1.944208998},
{"learn":[220.5761224],"iteration":371,"passed_time":1.149391476,"remaining_time":1.940370557},
{"learn":[220.4148628],"iteration":372,"passed_time":1.152265913,"remaining_time":1.936918841},
{"learn":[220.3215659],"iteration":373,"passed_time":1.154815557,"remaining_time":1.932926574},
{"learn":[220.1906029],"iteration":374,"passed_time":1.157663076,"remaining_time":1.92943846},
{"learn":[220.1605806],"iteration":375,"passed_time":1.160154842,"remaining_time":1.925363354},
{"learn":[219.5116033],"iteration":376,"passed_time":1.162811485,"remaining_time":1.921569112},
{"learn":[219.2638394],"iteration":377,"passed_time":1.166630661,"remaining_time":1.919693838},
{"learn":[219.0937199],"iteration":378,"passed_time":1.17029693,"remaining_time":1.917557767},
{"learn":[218.9253578],"iteration":379,"passed_time":1.177481925,"remaining_time":1.921154719},
{"learn":[218.8030265],"iteration":380,"passed_time":1.180804261,"remaining_time":1.918419521},
{"learn":[218.5969456],"iteration":381,"passed_time":1.183906166,"remaining_time":1.915324635},
{"learn":[218.487648],"iteration":382,"passed_time":1.186521914,"remaining_time":1.911446531},
{"learn":[217.9165606],"iteration":383,"passed_time":1.189015074,"remaining_time":1.907378347},
{"learn":[217.7857742],"iteration":384,"passed_time":1.191580645,"remaining_time":1.903434017},
{"learn":[217.7269364],"iteration":385,"passed_time":1.194297546,"remaining_time":1.899737547},
{"learn":[217.5331565],"iteration":386,"passed_time":1.197621183,"remaining_time":1.897007197},
{"learn":[216.9887991],"iteration":387,"passed_time":1.200437674,"remaining_time":1.893473857},
{"learn":[216.9343219],"iteration":388,"passed_time":1.205808908,"remaining_time":1.893956923},
{"learn":[216.7701944],"iteration":389,"passed_time":1.208607189,"remaining_time":1.890385603},
{"learn":[216.7217482],"iteration":390,"passed_time":1.211810945,"remaining_time":1.887449783},
{"learn":[216.6684222],"iteration":391,"passed_time":1.21560926,"remaining_time":1.88543477},
{"learn":[216.3782765],"iteration":392,"passed_time":1.219797674,"remaining_time":1.884013201},
{"learn":[216.241325],"iteration":393,"passed_time":1.227521013,"remaining_time":1.888014553},
{"learn":[216.0160775],"iteration":394,"passed_time":1.231551907,"remaining_time":1.886301023},
{"learn":[215.7924547],"iteration":395,"passed_time":1.235889798,"remaining_time":1.885044036},
{"learn":[215.2451211],"iteration":396,"passed_time":1.239956624,"remaining_time":1.88335981},
{"learn":[215.100736],"iteration":397,"passed_time":1.243881272,"remaining_time":1.881448557},
{"learn":[215.0495513],"iteration":398,"passed_time":1.247533218,"remaining_time":1.879116452},
{"learn":[214.9579661],"iteration":399,"passed_time":1.250970323,"remaining_time":1.876455484},
{"learn":[214.8697972],"iteration":400,"passed_time":1.253654164,"remaining_time":1.872665446},
{"learn":[214.6734216],"iteration":401,"passed_time":1.256418651,"remaining_time":1.869000879},
{"learn":[214.5332936],"iteration":402,"passed_time":1.258960627,"remaining_time":1.865011152},
{"learn":[214.4450397],"iteration":403,"passed_time":1.277315158,"remaining_time":1.884356025},
{"learn":[214.1805317],"iteration":404,"passed_time":1.280287378,"remaining_time":1.880916024},
{"learn":[214.1015439],"iteration":405,"passed_time":1.282784562,"remaining_time":1.876783324},
{"learn":[213.8271209],"iteration":406,"passed_time":1.285590139,"remaining_time":1.873107991},
{"learn":[213.6477059],"iteration":407,"passed_time":1.296502522,"remaining_time":1.881199738},
{"learn":[213.5489544],"iteration":408,"passed_time":1.299200263,"remaining_time":1.877328498},
{"learn":[213.4208264],"iteration":409,"passed_time":1.302866695,"remaining_time":1.874856952},
{"learn":[213.2716611],"iteration":410,"passed_time":1.306784078,"remaining_time":1.872739227},
{"learn":[213.138089],"iteration":411,"passed_time":1.310890883,"remaining_time":1.870883105},
{"learn":[213.0454213],"iteration":412,"passed_time":1.320368295,"remaining_time":1.876649368},
{"learn":[212.9573884],"iteration":413,"passed_time":1.32306871,"remaining_time":1.872749431},
{"learn":[212.818895],"iteration":414,"passed_time":1.32601732,"remaining_time":1.869205138},
{"learn":[212.6160586],"iteration":415,"passed_time":1.328723009,"remaining_time":1.865322686},
{"learn":[212.1154533],"iteration":416,"passed_time":1.332809861,"remaining_time":1.863376857},
{"learn":[211.9724249],"iteration":417,"passed_time":1.335583903,"remaining_time":1.859592899},
{"learn":[211.8637879],"iteration":418,"passed_time":1.338147914,"remaining_time":1.855522526},
{"learn":[211.7079801],"iteration":419,"passed_time":1.340815429,"remaining_time":1.851602259},
{"learn":[211.6276333],"iteration":420,"passed_time":1.343527726,"remaining_time":1.847749533},
{"learn":[211.5429619],"iteration":421,"passed_time":1.346218663,"remaining_time":1.843872956},
{"learn":[211.3977751],"iteration":422,"passed_time":1.34909909,"remaining_time":1.840260461},
{"learn":[210.9112524],"iteration":423,"passed_time":1.351643122,"remaining_time":1.83619443},
{"learn":[210.7606824],"iteration":424,"passed_time":1.354461436,"remaining_time":1.832506648},
{"learn":[210.6106405],"iteration":425,"passed_time":1.357049435,"remaining_time":1.828512619},
{"learn":[210.5286353],"iteration":426,"passed_time":1.360268415,"remaining_time":1.825371902},
{"learn":[210.4362343],"iteration":427,"passed_time":1.362802239,"remaining_time":1.821315141},
{"learn":[209.9640588],"iteration":428,"passed_time":1.365763818,"remaining_time":1.817834826},
{"learn":[209.9179547],"iteration":429,"passed_time":1.368276357,"remaining_time":1.813761683},
{"learn":[209.8584711],"iteration":430,"passed_time":1.371665674,"remaining_time":1.810853292},
{"learn":[209.6538083],"iteration":431,"passed_time":1.374225453,"remaining_time":1.806851984},
{"learn":[209.5754447],"iteration":432,"passed_time":1.376915942,"remaining_time":1.803028497},
{"learn":[209.3271914],"iteration":433,"passed_time":1.382247159,"remaining_time":1.802654129},
{"learn":[208.8155047],"iteration":434,"passed_time":1.384937418,"remaining_time":1.798826761},
{"learn":[208.7289719],"iteration":435,"passed_time":1.387545378,"remaining_time":1.794898149},
{"learn":[208.6545667],"iteration":436,"passed_time":1.390355815,"remaining_time":1.791236439},
{"learn":[208.2084353],"iteration":437,"passed_time":1.393279657,"remaining_time":1.787724127},
{"learn":[208.1386788],"iteration":438,"passed_time":1.395866022,"remaining_time":1.78378323},
{"learn":[208.0774824],"iteration":439,"passed_time":1.398568004,"remaining_time":1.779995642},
{"learn":[207.8368043],"iteration":440,"passed_time":1.401530396,"remaining_time":1.776543064},
{"learn":[207.5757358],"iteration":441,"passed_time":1.404429729,"remaining_time":1.773013097},
{"learn":[207.5083783],"iteration":442,"passed_time":1.408214424,"remaining_time":1.770599174},
{"learn":[207.4262622],"iteration":443,"passed_time":1.41209385,"remaining_time":1.768297704},
{"learn":[207.1000175],"iteration":444,"passed_time":1.415954286,"remaining_time":1.765965458},
{"learn":[206.9488725],"iteration":445,"passed_time":1.418635654,"remaining_time":1.762161777},
{"learn":[206.7989491],"iteration":446,"passed_time":1.4227397,"remaining_time":1.760123164},
{"learn":[206.7526945],"iteration":447,"passed_time":1.425611734,"remaining_time":1.756557316},
{"learn":[206.6628816],"iteration":448,"passed_time":1.428184386,"remaining_time":1.752627164},
{"learn":[206.5957696],"iteration":449,"passed_time":1.432014088,"remaining_time":1.750239441},
{"learn":[206.5527923],"iteration":450,"passed_time":1.434491753,"remaining_time":1.746199495},
{"learn":[206.3617639],"iteration":451,"passed_time":1.437128217,"remaining_time":1.742358989},
{"learn":[206.2527104],"iteration":452,"passed_time":1.440224837,"remaining_time":1.739079439},
{"learn":[206.1406822],"iteration":453,"passed_time":1.443725807,"remaining_time":1.736286983},
{"learn":[206.037706],"iteration":454,"passed_time":1.446837543,"remaining_time":1.733025189},
{"learn":[205.9344561],"iteration":455,"passed_time":1.449703013,"remaining_time":1.729470261},
{"learn":[205.8305764],"iteration":456,"passed_time":1.453343377,"remaining_time":1.726839067},
{"learn":[205.7549065],"iteration":457,"passed_time":1.457227769,"remaining_time":1.72449225},
{"learn":[205.3204086],"iteration":458,"passed_time":1.461815142,"remaining_time":1.722967302},
{"learn":[205.211246],"iteration":459,"passed_time":1.465133209,"remaining_time":1.719938985},
{"learn":[205.0789487],"iteration":460,"passed_time":1.467627796,"remaining_time":1.715946598},
{"learn":[204.8873592],"iteration":461,"passed_time":1.470176442,"remaining_time":1.712023649},
{"learn":[204.6631426],"iteration":462,"passed_time":1.472981075,"remaining_time":1.708403536},
{"learn":[204.5489153],"iteration":463,"passed_time":1.475751335,"remaining_time":1.704747232},
{"learn":[204.3936385],"iteration":464,"passed_time":1.478561441,"remaining_time":1.701140583},
{"learn":[204.3149367],"iteration":465,"passed_time":1.481085381,"remaining_time":1.697209428},
{"learn":[204.2009395],"iteration":466,"passed_time":1.484720829,"remaining_time":1.694552895},
{"learn":[204.1430581],"iteration":467,"passed_time":1.487558824,"remaining_time":1.690985672},
{"learn":[203.6759568],"iteration":468,"passed_time":1.491719567,"remaining_time":1.688919169},
{"learn":[203.6285452],"iteration":469,"passed_time":1.496017582,"remaining_time":1.68699855},
{"learn":[203.5169441],"iteration":470,"passed_time":1.500426179,"remaining_time":1.685192035},
{"learn":[203.4871146],"iteration":471,"passed_time":1.504534835,"remaining_time":1.683038968},
{"learn":[203.063431],"iteration":472,"passed_time":1.510791743,"remaining_time":1.683271138},
{"learn":[202.8961675],"iteration":473,"passed_time":1.514551605,"remaining_time":1.680704945},
{"learn":[202.6987975],"iteration":474,"passed_time":1.517484662,"remaining_time":1.67721989},
{"learn":[202.4807348],"iteration":475,"passed_time":1.520200147,"remaining_time":1.673497641},
{"learn":[202.3443265],"iteration":476,"passed_time":1.523109029,"remaining_time":1.669991661},
{"learn":[202.1581774],"iteration":477,"passed_time":1.525918344,"remaining_time":1.666379447},
{"learn":[201.7447225],"iteration":478,"passed_time":1.528626329,"remaining_time":1.66266037},
{"learn":[201.5750575],"iteration":479,"passed_time":1.531247395,"remaining_time":1.658851345},
{"learn":[201.5181234],"iteration":480,"passed_time":1.533960672,"remaining_time":1.655146754},
{"learn":[201.4574238],"iteration":481,"passed_time":1.536719938,"remaining_time":1.651495701},
{"learn":[201.4159468],"iteration":482,"passed_time":1.540375359,"remaining_time":1.648807579},
{"learn":[201.013598],"iteration":483,"passed_time":1.544028049,"remaining_time":1.646112548},
{"learn":[200.8347526],"iteration":484,"passed_time":1.548764525,"remaining_time":1.644564392},
{"learn":[200.6846501],"iteration":485,"passed_time":1.553026694,"remaining_time":1.642501483},
{"learn":[200.539071],"iteration":486,"passed_time":1.562901586,"remaining_time":1.646341918},
{"learn":[200.5077036],"iteration":487,"passed_time":1.566848988,"remaining_time":1.643907135},
{"learn":[200.4169645],"iteration":488,"passed_time":1.574142185,"remaining_time":1.644962487},
{"learn":[200.3867165],"iteration":489,"passed_time":1.596886621,"remaining_time":1.662065667},
{"learn":[200.3445238],"iteration":490,"passed_time":1.604935251,"remaining_time":1.663771981},
{"learn":[200.243333],"iteration":491,"passed_time":1.617161286,"remaining_time":1.669751897},
{"learn":[200.1267148],"iteration":492,"passed_time":1.621298356,"remaining_time":1.667339283},
{"learn":[199.7263063],"iteration":493,"passed_time":1.625345851,"remaining_time":1.664827936},
{"learn":[199.6029139],"iteration":494,"passed_time":1.629247872,"remaining_time":1.662161971},
{"learn":[199.0252749],"iteration":495,"passed_time":1.633387535,"remaining_time":1.659732495},
{"learn":[198.8823595],"iteration":496,"passed_time":1.642812245,"remaining_time":1.662644988},
{"learn":[198.79474],"iteration":497,"passed_time":1.649503918,"remaining_time":1.662752945},
{"learn":[198.6323932],"iteration":498,"passed_time":1.654583893,"remaining_time":1.661215491},
{"learn":[198.5400241],"iteration":499,"passed_time":1.662315935,"remaining_time":1.662315935},
{"learn":[198.5122451],"iteration":500,"passed_time":1.66723578,"remaining_time":1.660580148},
{"learn":[198.4145903],"iteration":501,"passed_time":1.669757406,"remaining_time":1.656452566},
{"learn":[198.3871056],"iteration":502,"passed_time":1.671933786,"remaining_time":1.651990242},
{"learn":[198.2815228],"iteration":503,"passed_time":1.674397245,"remaining_time":1.64781951},
{"learn":[198.2216519],"iteration":504,"passed_time":1.677165839,"remaining_time":1.643954634},
{"learn":[198.0879315],"iteration":505,"passed_time":1.679496164,"remaining_time":1.639666215},
{"learn":[197.9763069],"iteration":506,"passed_time":1.681935568,"remaining_time":1.635491587},
{"learn":[197.8209494],"iteration":507,"passed_time":1.684301423,"remaining_time":1.63125256},
{"learn":[197.6667781],"iteration":508,"passed_time":1.686751086,"remaining_time":1.627101735},
{"learn":[197.3692514],"iteration":509,"passed_time":1.689171028,"remaining_time":1.622929027},
{"learn":[196.9495897],"iteration":510,"passed_time":1.691463651,"remaining_time":1.618641341},
{"learn":[196.8465269],"iteration":511,"passed_time":1.694414691,"remaining_time":1.614989002},
{"learn":[196.7752252],"iteration":512,"passed_time":1.697041365,"remaining_time":1.611031471},
{"learn":[196.7083268],"iteration":513,"passed_time":1.700062678,"remaining_time":1.607452259},
{"learn":[196.5927931],"iteration":514,"passed_time":1.702908954,"remaining_time":1.603710374},
{"learn":[196.4679555],"iteration":515,"passed_time":1.705809836,"remaining_time":1.60002318},
{"learn":[196.3731507],"iteration":516,"passed_time":1.708732422,"remaining_time":1.596359303},
{"learn":[196.2851156],"iteration":517,"passed_time":1.711280748,"remaining_time":1.59235004},
{"learn":[196.1825685],"iteration":518,"passed_time":1.713669224,"remaining_time":1.58819826},
{"learn":[196.0391235],"iteration":519,"passed_time":1.715787567,"remaining_time":1.583803908},
{"learn":[196.012956],"iteration":520,"passed_time":1.71761009,"remaining_time":1.579146321},
{"learn":[195.8812647],"iteration":521,"passed_time":1.719794351,"remaining_time":1.574830842},
{"learn":[195.5035072],"iteration":522,"passed_time":1.721791987,"remaining_time":1.570353304},
{"learn":[195.44551],"iteration":523,"passed_time":1.723708303,"remaining_time":1.565811359},
{"learn":[195.355726],"iteration":524,"passed_time":1.725808272,"remaining_time":1.56144558},
{"learn":[195.3093745],"iteration":525,"passed_time":1.727832834,"remaining_time":1.557020463},
{"learn":[195.162621],"iteration":526,"passed_time":1.72992434,"remaining_time":1.552664541},
{"learn":[195.0919721],"iteration":527,"passed_time":1.731868948,"remaining_time":1.548185878},
{"learn":[195.0356443],"iteration":528,"passed_time":1.733807165,"remaining_time":1.543711105},
{"learn":[194.9588561],"iteration":529,"passed_time":1.736083944,"remaining_time":1.539546139},
{"learn":[194.822367],"iteration":530,"passed_time":1.738289229,"remaining_time":1.535325138},
{"learn":[194.7983661],"iteration":531,"passed_time":1.740268113,"remaining_time":1.530912551},
{"learn":[194.4312371],"iteration":532,"passed_time":1.74250018,"remaining_time":1.526730927},
{"learn":[194.2917256],"iteration":533,"passed_time":1.744826768,"remaining_time":1.52263909},
{"learn":[194.2093054],"iteration":534,"passed_time":1.747425075,"remaining_time":1.518790019},
{"learn":[193.7134219],"iteration":535,"passed_time":1.749919019,"remaining_time":1.51485527},
{"learn":[193.6891578],"iteration":536,"passed_time":1.752156105,"remaining_time":1.510704426},
{"learn":[193.1450219],"iteration":537,"passed_time":1.754509074,"remaining_time":1.506660208},
{"learn":[193.0441283],"iteration":538,"passed_time":1.756843233,"remaining_time":1.502606179},
{"learn":[192.9964391],"iteration":539,"passed_time":1.7588403,"remaining_time":1.498271366},
{"learn":[192.9817184],"iteration":540,"passed_time":1.760644661,"remaining_time":1.4937817},
{"learn":[192.8383559],"iteration":541,"passed_time":1.7628322,"remaining_time":1.489625734},
{"learn":[192.497058],"iteration":542,"passed_time":1.764976115,"remaining_time":1.485440303},
{"learn":[192.3454926],"iteration":543,"passed_time":1.76700354,"remaining_time":1.481164732},
{"learn":[192.2984412],"iteration":544,"passed_time":1.768944316,"remaining_time":1.476825071},
{"learn":[192.2105207],"iteration":545,"passed_time":1.770919725,"remaining_time":1.472522995},
{"learn":[192.1550758],"iteration":546,"passed_time":1.773103775,"remaining_time":1.468402212},
{"learn":[192.0677889],"iteration":547,"passed_time":1.775142503,"remaining_time":1.464168634},
{"learn":[191.9733482],"iteration":548,"passed_time":1.777248258,"remaining_time":1.459998113},
{"learn":[191.8967757],"iteration":549,"passed_time":1.779212046,"remaining_time":1.455718947},
{"learn":[191.7818129],"iteration":550,"passed_time":1.78119661,"remaining_time":1.451465114},
{"learn":[191.5148751],"iteration":551,"passed_time":1.783342742,"remaining_time":1.447350631},
{"learn":[191.4785956],"iteration":552,"passed_time":1.785263398,"remaining_time":1.443061011},
{"learn":[191.3113207],"iteration":553,"passed_time":1.787445497,"remaining_time":1.438990418},
{"learn":[191.2558916],"iteration":554,"passed_time":1.789630761,"remaining_time":1.434929169},
{"learn":[191.1442946],"iteration":555,"passed_time":1.792062879,"remaining_time":1.431071795},
{"learn":[191.0267444],"iteration":556,"passed_time":1.794786601,"remaining_time":1.427451462},
{"learn":[190.9060371],"iteration":557,"passed_time":1.797591655,"remaining_time":1.423898766},
{"learn":[190.7196964],"iteration":558,"passed_time":1.799943929,"remaining_time":1.419991543},
{"learn":[190.6294159],"iteration":559,"passed_time":1.802266338,"remaining_time":1.416066408},
{"learn":[190.5540208],"iteration":560,"passed_time":1.804646994,"remaining_time":1.412192568},
{"learn":[190.4809059],"iteration":561,"passed_time":1.806816682,"remaining_time":1.408159621},
{"learn":[190.4044922],"iteration":562,"passed_time":1.80909983,"remaining_time":1.40422136},
{"learn":[190.3008583],"iteration":563,"passed_time":1.811135799,"remaining_time":1.400097887},
{"learn":[190.2282294],"iteration":564,"passed_time":1.813122646,"remaining_time":1.395943984},
{"learn":[189.9048778],"iteration":565,"passed_time":1.815140821,"remaining_time":1.39182176},
{"learn":[189.858729],"iteration":566,"passed_time":1.817130135,"remaining_time":1.387684918},
{"learn":[189.7510193],"iteration":567,"passed_time":1.819550896,"remaining_time":1.38388378},
{"learn":[189.6663823],"iteration":568,"passed_time":1.821546421,"remaining_time":1.379765391},
{"learn":[189.5430298],"iteration":569,"passed_time":1.824274582,"remaining_time":1.376207141},
{"learn":[189.4642005],"iteration":570,"passed_time":1.826911358,"remaining_time":1.372583139},
{"learn":[189.4380733],"iteration":571,"passed_time":1.82926862,"remaining_time":1.368753443},
{"learn":[189.1245721],"iteration":572,"passed_time":1.831812124,"remaining_time":1.365067674},
{"learn":[188.6371121],"iteration":573,"passed_time":1.834199726,"remaining_time":1.36127018},
{"learn":[188.5633588],"iteration":574,"passed_time":1.836641881,"remaining_time":1.357517912},
{"learn":[188.5502839],"iteration":575,"passed_time":1.839250552,"remaining_time":1.353892768},
{"learn":[188.3591379],"iteration":576,"passed_time":1.842044121,"remaining_time":1.350406695},
{"learn":[188.3266459],"iteration":577,"passed_time":1.844638982,"remaining_time":1.346777942},
{"learn":[188.2583909],"iteration":578,"passed_time":1.847440739,"remaining_time":1.343303197},
{"learn":[188.1251831],"iteration":579,"passed_time":1.850315548,"remaining_time":1.339883673},
{"learn":[188.0555414],"iteration":580,"passed_time":1.85294584,"remaining_time":1.336289685},
{"learn":[188.0036709],"iteration":581,"passed_time":1.855592545,"remaining_time":1.332710797},
{"learn":[187.9362128],"iteration":582,"passed_time":1.859744268,"remaining_time":1.330211595},
{"learn":[187.7496527],"iteration":583,"passed_time":1.863838357,"remaining_time":1.327665679},
{"learn":[187.6304985],"iteration":584,"passed_time":1.867767613,"remaining_time":1.324997538},
{"learn":[187.5886935],"iteration":585,"passed_time":1.872814591,"remaining_time":1.323114745},
{"learn":[187.52165],"iteration":586,"passed_time":1.881233028,"remaining_time":1.323593255},
{"learn":[187.0547419],"iteration":587,"passed_time":1.884101002,"remaining_time":1.320152403},
{"learn":[187.0133774],"iteration":588,"passed_time":1.890267833,"remaining_time":1.319015415},
{"learn":[186.9216606],"iteration":589,"passed_time":1.902034374,"remaining_time":1.3217527},
{"learn":[186.9096783],"iteration":590,"passed_time":1.906061081,"remaining_time":1.319084572},
{"learn":[186.8984709],"iteration":591,"passed_time":1.909486035,"remaining_time":1.315997132},
{"learn":[186.8154146],"iteration":592,"passed_time":1.913940196,"remaining_time":1.31361494},
{"learn":[186.5149871],"iteration":593,"passed_time":1.916735975,"remaining_time":1.310092265},
{"learn":[186.4095002],"iteration":594,"passed_time":1.919343059,"remaining_time":1.306443595},
{"learn":[186.258199],"iteration":595,"passed_time":1.924927872,"remaining_time":1.304816879},
{"learn":[186.1012879],"iteration":596,"passed_time":1.929255072,"remaining_time":1.302327963},
{"learn":[185.9744323],"iteration":597,"passed_time":1.937264954,"remaining_time":1.302308548},
{"learn":[185.7071266],"iteration":598,"passed_time":1.940873058,"remaining_time":1.299315687},
{"learn":[185.5989852],"iteration":599,"passed_time":1.944000903,"remaining_time":1.296000602},
{"learn":[185.5193439],"iteration":600,"passed_time":1.946547956,"remaining_time":1.292300557},
{"learn":[185.4321885],"iteration":601,"passed_time":1.94922296,"remaining_time":1.288688934},
{"learn":[185.3854185],"iteration":602,"passed_time":1.951719854,"remaining_time":1.284963154},
{"learn":[185.2313956],"iteration":603,"passed_time":1.953996056,"remaining_time":1.281096752},
{"learn":[184.9412525],"iteration":604,"passed_time":1.957088525,"remaining_time":1.277768541},
{"learn":[184.7966947],"iteration":605,"passed_time":1.959170841,"remaining_time":1.273784342},
{"learn":[184.6978087],"iteration":606,"passed_time":1.96121561,"remaining_time":1.2697821},
{"learn":[184.6183153],"iteration":607,"passed_time":1.963464264,"remaining_time":1.265917749},
{"learn":[184.3015384],"iteration":608,"passed_time":1.965822215,"remaining_time":1.262128877},
{"learn":[184.2279589],"iteration":609,"passed_time":1.967901617,"remaining_time":1.258166608},
{"learn":[184.1695201],"iteration":610,"passed_time":1.97056983,"remaining_time":1.254585375},
{"learn":[184.0576416],"iteration":611,"passed_time":1.972705652,"remaining_time":1.250669596},
{"learn":[183.9181326],"iteration":612,"passed_time":1.975019157,"remaining_time":1.246871801},
{"learn":[183.8590027],"iteration":613,"passed_time":1.976996136,"remaining_time":1.242867278},
{"learn":[183.7627435],"iteration":614,"passed_time":1.979090177,"remaining_time":1.238942631},
{"learn":[183.6336076],"iteration":615,"passed_time":1.981103454,"remaining_time":1.234973582},
{"learn":[183.5678256],"iteration":616,"passed_time":1.983253989,"remaining_time":1.231096074},
{"learn":[183.454574],"iteration":617,"passed_time":1.98600668,"remaining_time":1.227596362},
{"learn":[183.3410807],"iteration":618,"passed_time":1.988574312,"remaining_time":1.223985158},
{"learn":[183.3122265],"iteration":619,"passed_time":1.990832099,"remaining_time":1.220187415},
{"learn":[183.2157708],"iteration":620,"passed_time":1.993316679,"remaining_time":1.216533046},
{"learn":[183.1478882],"iteration":621,"passed_time":1.995820102,"remaining_time":1.212893888},
{"learn":[183.0176211],"iteration":622,"passed_time":1.998134947,"remaining_time":1.209144262},
{"learn":[182.9280719],"iteration":623,"passed_time":2.000127511,"remaining_time":1.205205039},
{"learn":[182.8158245],"iteration":624,"passed_time":2.002237648,"remaining_time":1.201342589},
{"learn":[182.753722],"iteration":625,"passed_time":2.004296237,"remaining_time":1.197454941},
{"learn":[182.435218],"iteration":626,"passed_time":2.006407534,"remaining_time":1.193604482},
{"learn":[182.3254391],"iteration":627,"passed_time":2.008360161,"remaining_time":1.189665573},
{"learn":[182.3029612],"iteration":628,"passed_time":2.010279729,"remaining_time":1.185713481},
{"learn":[182.1773666],"iteration":629,"passed_time":2.012477437,"remaining_time":1.181931193},
{"learn":[182.0748181],"iteration":630,"passed_time":2.014632393,"remaining_time":1.178128927},
{"learn":[181.8804585],"iteration":631,"passed_time":2.016723068,"remaining_time":1.174294445},
{"learn":[181.7848722],"iteration":632,"passed_time":2.018774903,"remaining_time":1.170442953},
{"learn":[181.7159643],"iteration":633,"passed_time":2.020725376,"remaining_time":1.166538624},
{"learn":[181.5223942],"iteration":634,"passed_time":2.022913665,"remaining_time":1.162777146},
{"learn":[181.476644],"iteration":635,"passed_time":2.024941855,"remaining_time":1.158928986},
{"learn":[181.4675038],"iteration":636,"passed_time":2.026844604,"remaining_time":1.155015057},
{"learn":[181.3548578],"iteration":637,"passed_time":2.028848643,"remaining_time":1.151164904},
{"learn":[181.2577391],"iteration":638,"passed_time":2.030978162,"remaining_time":1.147391419},
{"learn":[181.1165666],"iteration":639,"passed_time":2.03328415,"remaining_time":1.143722335},
{"learn":[181.1034492],"iteration":640,"passed_time":2.035549289,"remaining_time":1.140034625},
{"learn":[181.0368346],"iteration":641,"passed_time":2.038022853,"remaining_time":1.136467572},
{"learn":[180.9514397],"iteration":642,"passed_time":2.040375723,"remaining_time":1.13283691},
{"learn":[180.8874362],"iteration":643,"passed_time":2.042595177,"remaining_time":1.129136464},
{"learn":[180.8624481],"iteration":644,"passed_time":2.044716011,"remaining_time":1.125386332},
{"learn":[180.8043316],"iteration":645,"passed_time":2.046693944,"remaining_time":1.121562935},
{"learn":[180.7787686],"iteration":646,"passed_time":2.048828757,"remaining_time":1.117830837},
{"learn":[180.6882973],"iteration":647,"passed_time":2.050925271,"remaining_time":1.114082863},
{"learn":[180.5573024],"iteration":648,"passed_time":2.052926341,"remaining_time":1.11028836},
{"learn":[180.4667372],"iteration":649,"passed_time":2.054864533,"remaining_time":1.106465518},
{"learn":[180.347133],"iteration":650,"passed_time":2.056938484,"remaining_time":1.102721246},
{"learn":[180.3164124],"iteration":651,"passed_time":2.05888467,"remaining_time":1.098913903},
{"learn":[180.1594361],"iteration":652,"passed_time":2.06090852,"remaining_time":1.095153532},
{"learn":[180.1395329],"iteration":653,"passed_time":2.062791915,"remaining_time":1.091324163},
{"learn":[180.0159576],"iteration":654,"passed_time":2.064892564,"remaining_time":1.087615167},
{"learn":[179.9439831],"iteration":655,"passed_time":2.067056389,"remaining_time":1.083944204},
{"learn":[179.8502558],"iteration":656,"passed_time":2.069128692,"remaining_time":1.080230048},
{"learn":[179.7773646],"iteration":657,"passed_time":2.071220336,"remaining_time":1.076530934},
{"learn":[179.7425417],"iteration":658,"passed_time":2.073364037,"remaining_time":1.072863637},
{"learn":[179.7222505],"iteration":659,"passed_time":2.075345186,"remaining_time":1.069117217},
{"learn":[179.6545251],"iteration":660,"passed_time":2.077346204,"remaining_time":1.065386328},
{"learn":[179.4875839],"iteration":661,"passed_time":2.079628713,"remaining_time":1.061804388},
{"learn":[179.4311912],"iteration":662,"passed_time":2.081935418,"remaining_time":1.058238667},
{"learn":[179.3289684],"iteration":663,"passed_time":2.084277362,"remaining_time":1.054694569},
{"learn":[179.3018978],"iteration":664,"passed_time":2.086465643,"remaining_time":1.051076677},
{"learn":[179.1602769],"iteration":665,"passed_time":2.088942224,"remaining_time":1.047607662},
{"learn":[179.0828895],"iteration":666,"passed_time":2.091193965,"remaining_time":1.044029371},
{"learn":[179.0270181],"iteration":667,"passed_time":2.093408814,"remaining_time":1.040436716},
{"learn":[178.9609397],"iteration":668,"passed_time":2.095355875,"remaining_time":1.036715687},
{"learn":[178.6907293],"iteration":669,"passed_time":2.097276704,"remaining_time":1.032987033},
{"learn":[178.4739766],"iteration":670,"passed_time":2.099266774,"remaining_time":1.029297718},
{"learn":[178.4490362],"iteration":671,"passed_time":2.101321049,"remaining_time":1.025644798},
{"learn":[178.2931126],"iteration":672,"passed_time":2.103488022,"remaining_time":1.022051387},
{"learn":[178.2372598],"iteration":673,"passed_time":2.10561623,"remaining_time":1.018443459},
{"learn":[177.9743239],"iteration":674,"passed_time":2.107569713,"remaining_time":1.014755788},
{"learn":[177.9154416],"iteration":675,"passed_time":2.109676708,"remaining_time":1.011146824},
{"learn":[177.8503588],"iteration":676,"passed_time":2.111753414,"remaining_time":1.007527847},
{"learn":[177.8108387],"iteration":677,"passed_time":2.113705309,"remaining_time":1.003854144},
{"learn":[177.5229811],"iteration":678,"passed_time":2.115715115,"remaining_time":1.000212889},
{"learn":[177.4802155],"iteration":679,"passed_time":2.117595135,"remaining_time":0.9965153576},
{"learn":[177.421058],"iteration":680,"passed_time":2.119561577,"remaining_time":0.9928636463},
{"learn":[177.2915616],"iteration":681,"passed_time":2.121595395,"remaining_time":0.9892482928},
{"learn":[177.1329476],"iteration":682,"passed_time":2.123626375,"remaining_time":0.9856362531},
{"learn":[177.0817242],"iteration":683,"passed_time":2.125817727,"remaining_time":0.9821029264},
{"learn":[176.9490652],"iteration":684,"passed_time":2.128169173,"remaining_time":0.9786471377},
{"learn":[176.9168862],"iteration":685,"passed_time":2.130365661,"remaining_time":0.9751236405},
{"learn":[176.8793488],"iteration":686,"passed_time":2.132783622,"remaining_time":0.9717049106},
{"learn":[176.8513965],"iteration":687,"passed_time":2.135105173,"remaining_time":0.968245369},
{"learn":[176.7580452],"iteration":688,"passed_time":2.137438122,"remaining_time":0.9647942756},
{"learn":[176.6255579],"iteration":689,"passed_time":2.139930873,"remaining_time":0.9614182183},
{"learn":[176.5758873],"iteration":690,"passed_time":2.141979793,"remaining_time":0.957846246},
{"learn":[176.4953653],"iteration":691,"passed_time":2.143953436,"remaining_time":0.9542451711},
{"learn":[176.3917441],"iteration":692,"passed_time":2.145927773,"remaining_time":0.9506491002},
{"learn":[176.1384591],"iteration":693,"passed_time":2.147832219,"remaining_time":0.9470268864},
{"learn":[176.0806571],"iteration":694,"passed_time":2.149818232,"remaining_time":0.9434454112},
{"learn":[176.0130167],"iteration":695,"passed_time":2.151774153,"remaining_time":0.939855377},
{"learn":[175.9926754],"iteration":696,"passed_time":2.15362948,"remaining_time":0.9362263019},
{"learn":[175.8649632],"iteration":697,"passed_time":2.155630435,"remaining_time":0.9326653171},
{"learn":[175.5010062],"iteration":698,"passed_time":2.157617357,"remaining_time":0.9291027533},
{"learn":[175.4294372],"iteration":699,"passed_time":2.159587762,"remaining_time":0.9255376124},
{"learn":[175.4126424],"iteration":700,"passed_time":2.161466011,"remaining_time":0.9219377135},
{"learn":[175.3625554],"iteration":701,"passed_time":2.163525957,"remaining_time":0.9184198506},
{"learn":[175.2281208],"iteration":702,"passed_time":2.165485597,"remaining_time":0.9148637584},
{"learn":[175.1571711],"iteration":703,"passed_time":2.167528974,"remaining_time":0.9113474095},
{"learn":[175.1130603],"iteration":704,"passed_time":2.169492504,"remaining_time":0.907801828},
{"learn":[175.0363842],"iteration":705,"passed_time":2.171468042,"remaining_time":0.9042657285},
{"learn":[175.0194042],"iteration":706,"passed_time":2.173667621,"remaining_time":0.9008268924},
{"learn":[175.0069539],"iteration":707,"passed_time":2.175830144,"remaining_time":0.8973762742},
{"learn":[174.7683396],"iteration":708,"passed_time":2.178151181,"remaining_time":0.8939943495},
{"learn":[174.62849],"iteration":709,"passed_time":2.180549119,"remaining_time":0.8906468233},
{"learn":[174.5280355],"iteration":710,"passed_time":2.182890714,"remaining_time":0.8872790664},
{"learn":[174.4423806],"iteration":711,"passed_time":2.185183714,"remaining_time":0.883894536},
{"learn":[174.3598382],"iteration":712,"passed_time":2.187403744,"remaining_time":0.8804836951},
{"learn":[174.2989724],"iteration":713,"passed_time":2.189664441,"remaining_time":0.877092479},
{"learn":[174.2691415],"iteration":714,"passed_time":2.191626419,"remaining_time":0.8735853557},
{"learn":[174.2475165],"iteration":715,"passed_time":2.193628847,"remaining_time":0.8700985931},
{"learn":[174.2227581],"iteration":716,"passed_time":2.195696698,"remaining_time":0.8666417929},
{"learn":[173.989597],"iteration":717,"passed_time":2.198663089,"remaining_time":0.8635417704},
{"learn":[173.89044],"iteration":718,"passed_time":2.200966433,"remaining_time":0.8601829869},
{"learn":[173.8085578],"iteration":719,"passed_time":2.203268286,"remaining_time":0.8568265556},
{"learn":[173.7625617],"iteration":720,"passed_time":2.205287088,"remaining_time":0.8533635195},
{"learn":[173.6810091],"iteration":721,"passed_time":2.207300907,"remaining_time":0.8499025653},
{"learn":[173.6626032],"iteration":722,"passed_time":2.209280515,"remaining_time":0.8464325073},
{"learn":[173.6083547],"iteration":723,"passed_time":2.211204369,"remaining_time":0.8429453118},
{"learn":[173.5129255],"iteration":724,"passed_time":2.213398635,"remaining_time":0.8395649996},
{"learn":[173.4951627],"iteration":725,"passed_time":2.215430519,"remaining_time":0.8361266699},
{"learn":[173.3858479],"iteration":726,"passed_time":2.217435857,"remaining_time":0.8326822406},
{"learn":[173.2932639],"iteration":727,"passed_time":2.21935933,"remaining_time":0.8292111782},
{"learn":[173.0853762],"iteration":728,"passed_time":2.221790983,"remaining_time":0.8259332735},
{"learn":[173.0403078],"iteration":729,"passed_time":2.224160508,"remaining_time":0.8226347084},
{"learn":[172.8143522],"iteration":730,"passed_time":2.22644364,"remaining_time":0.8193068937},
{"learn":[172.7761465],"iteration":731,"passed_time":2.228671451,"remaining_time":0.8159616788},
{"learn":[172.6530683],"iteration":732,"passed_time":2.23101996,"remaining_time":0.812663478},
{"learn":[172.5204642],"iteration":733,"passed_time":2.233450952,"remaining_time":0.8093977564},
{"learn":[172.4575995],"iteration":734,"passed_time":2.235739025,"remaining_time":0.8060827778},
{"learn":[172.4214961],"iteration":735,"passed_time":2.237645965,"remaining_time":0.8026338788},
{"learn":[172.3872611],"iteration":736,"passed_time":2.239586987,"remaining_time":0.7992013264},
{"learn":[172.238107],"iteration":737,"passed_time":2.241534313,"remaining_time":0.7957750542},
{"learn":[172.0642846],"iteration":738,"passed_time":2.243605057,"remaining_time":0.7923963734},
{"learn":[171.8917757],"iteration":739,"passed_time":2.245640124,"remaining_time":0.7890086923},
{"learn":[171.7976855],"iteration":740,"passed_time":2.247658002,"remaining_time":0.7856186539},
{"learn":[171.7540649],"iteration":741,"passed_time":2.249718852,"remaining_time":0.7822472557},
{"learn":[171.7191698],"iteration":742,"passed_time":2.251652803,"remaining_time":0.7788354916},
{"learn":[171.6374826],"iteration":743,"passed_time":2.253777045,"remaining_time":0.7754931769},
{"learn":[171.5716272],"iteration":744,"passed_time":2.255730271,"remaining_time":0.7720955963},
{"learn":[171.4987926],"iteration":745,"passed_time":2.257801991,"remaining_time":0.7687422327},
{"learn":[171.4462228],"iteration":746,"passed_time":2.259840869,"remaining_time":0.7653811779},
{"learn":[171.2875129],"iteration":747,"passed_time":2.261849836,"remaining_time":0.762013581},
{"learn":[171.1001682],"iteration":748,"passed_time":2.26384294,"remaining_time":0.7586442964},
{"learn":[170.859612],"iteration":749,"passed_time":2.265941548,"remaining_time":0.7553138493},
{"learn":[170.8177968],"iteration":750,"passed_time":2.268110788,"remaining_time":0.7520101015},
{"learn":[170.6556573],"iteration":751,"passed_time":2.270407435,"remaining_time":0.7487513881},
{"learn":[170.5676642],"iteration":752,"passed_time":2.272784732,"remaining_time":0.745521685},
{"learn":[170.4930458],"iteration":753,"passed_time":2.275346319,"remaining_time":0.7423543692},
{"learn":[170.2469181],"iteration":754,"passed_time":2.277692882,"remaining_time":0.7391188822},
{"learn":[170.1619369],"iteration":755,"passed_time":2.280064308,"remaining_time":0.7358937715},
{"learn":[170.0015295],"iteration":756,"passed_time":2.282471304,"remaining_time":0.732682334},
{"learn":[169.9277102],"iteration":757,"passed_time":2.284465081,"remaining_time":0.7293410944},
{"learn":[169.8265292],"iteration":758,"passed_time":2.286565452,"remaining_time":0.7260372517},
{"learn":[169.7311527],"iteration":759,"passed_time":2.288661614,"remaining_time":0.7227352466},
{"learn":[169.666507],"iteration":760,"passed_time":2.290601257,"remaining_time":0.7193872543},
{"learn":[169.5715189],"iteration":761,"passed_time":2.292496495,"remaining_time":0.7160290891},
{"learn":[169.5509905],"iteration":762,"passed_time":2.294360185,"remaining_time":0.7126649593},
{"learn":[169.5197791],"iteration":763,"passed_time":2.296417074,"remaining_time":0.7093644363},
{"learn":[169.4144726],"iteration":764,"passed_time":2.298414907,"remaining_time":0.7060490237},
{"learn":[169.3340355],"iteration":765,"passed_time":2.30045545,"remaining_time":0.7027500984},
{"learn":[169.0949201],"iteration":766,"passed_time":2.302447259,"remaining_time":0.6994396497},
{"learn":[168.9522887],"iteration":767,"passed_time":2.304476968,"remaining_time":0.696144084},
{"learn":[168.8820811],"iteration":768,"passed_time":2.306594466,"remaining_time":0.6928781816},
{"learn":[168.6791453],"iteration":769,"passed_time":2.30862279,"remaining_time":0.6895886257},
{"learn":[168.6472526],"iteration":770,"passed_time":2.310577774,"remaining_time":0.6862805581},
{"learn":[168.5798753],"iteration":771,"passed_time":2.312624755,"remaining_time":0.6830031659},
{"learn":[168.4411001],"iteration":772,"passed_time":2.314586628,"remaining_time":0.6797039645},
{"learn":[168.279342],"iteration":773,"passed_time":2.317006148,"remaining_time":0.6765418468},
{"learn":[168.2420192],"iteration":774,"passed_time":2.319748438,"remaining_time":0.6734753529},
{"learn":[168.170549],"iteration":775,"passed_time":2.322230757,"remaining_time":0.6703346516},
{"learn":[168.0615332],"iteration":776,"passed_time":2.32464928,"remaining_time":0.6671773351},
{"learn":[167.983217],"iteration":777,"passed_time":2.327057993,"remaining_time":0.6640191188},
{"learn":[167.9565198],"iteration":778,"passed_time":2.32931455,"remaining_time":0.6608196604},
{"learn":[167.8670462],"iteration":779,"passed_time":2.331424583,"remaining_time":0.6575812926},
{"learn":[167.8031625],"iteration":780,"passed_time":2.333496601,"remaining_time":0.6543351544},
{"learn":[167.7041655],"iteration":781,"passed_time":2.335986132,"remaining_time":0.6512084103},
{"learn":[167.6847697],"iteration":782,"passed_time":2.338197158,"remaining_time":0.6480061089},
{"learn":[167.6545491],"iteration":783,"passed_time":2.340078081,"remaining_time":0.6447153896},
{"learn":[167.5584391],"iteration":784,"passed_time":2.34209412,"remaining_time":0.6414652685},
{"learn":[167.5190055],"iteration":785,"passed_time":2.34412898,"remaining_time":0.6382234118},
{"learn":[167.3172464],"iteration":786,"passed_time":2.346142709,"remaining_time":0.6349789035},
{"learn":[167.2752242],"iteration":787,"passed_time":2.348255744,"remaining_time":0.6317642357},
{"learn":[167.1840725],"iteration":788,"passed_time":2.350300041,"remaining_time":0.628533978},
{"learn":[167.1246512],"iteration":789,"passed_time":2.352290895,"remaining_time":0.6252925163},
{"learn":[167.104039],"iteration":790,"passed_time":2.354368642,"remaining_time":0.622077176},
{"learn":[167.0098386],"iteration":791,"passed_time":2.356309091,"remaining_time":0.6188286501},
{"learn":[166.9313685],"iteration":792,"passed_time":2.358397492,"remaining_time":0.615622044},
{"learn":[166.737267],"iteration":793,"passed_time":2.360469039,"remaining_time":0.6124138816},
{"learn":[166.6091165],"iteration":794,"passed_time":2.362516553,"remaining_time":0.6092023816},
{"learn":[166.5747735],"iteration":795,"passed_time":2.364758072,"remaining_time":0.6060435261},
{"learn":[166.558256],"iteration":796,"passed_time":2.366918941,"remaining_time":0.6028664304},
{"learn":[166.5366232],"iteration":797,"passed_time":2.369173923,"remaining_time":0.5997157049},
{"learn":[166.3517249],"iteration":798,"passed_time":2.371483924,"remaining_time":0.5965810621},
{"learn":[166.2860279],"iteration":799,"passed_time":2.373773731,"remaining_time":0.5934434328},
{"learn":[166.0356142],"iteration":800,"passed_time":2.376119781,"remaining_time":0.5903218933},
{"learn":[165.9963415],"iteration":801,"passed_time":2.378387572,"remaining_time":0.5871829666},
{"learn":[165.9057313],"iteration":802,"passed_time":2.380642927,"remaining_time":0.584043159},
{"learn":[165.8175826],"iteration":803,"passed_time":2.382618337,"remaining_time":0.5808373061},
{"learn":[165.7876236],"iteration":804,"passed_time":2.384454429,"remaining_time":0.5776007624},
{"learn":[165.7608878],"iteration":805,"passed_time":2.386382395,"remaining_time":0.5743898073},
{"learn":[165.6502401],"iteration":806,"passed_time":2.388493914,"remaining_time":0.5712259298},
{"learn":[165.6214704],"iteration":807,"passed_time":2.390578749,"remaining_time":0.5680583165},
{"learn":[165.4896063],"iteration":808,"passed_time":2.392616998,"remaining_time":0.5648823814},
{"learn":[165.4159297],"iteration":809,"passed_time":2.394687202,"remaining_time":0.5617167511},
{"learn":[165.2143505],"iteration":810,"passed_time":2.396566241,"remaining_time":0.558509272},
{"learn":[165.185533],"iteration":811,"passed_time":2.398780812,"remaining_time":0.5553827496},
{"learn":[165.1413318],"iteration":812,"passed_time":2.400874804,"remaining_time":0.5522307361},
{"learn":[165.0481595],"iteration":813,"passed_time":2.402882272,"remaining_time":0.5490615511},
{"learn":[164.8089427],"iteration":814,"passed_time":2.405096174,"remaining_time":0.5459420763},
{"learn":[164.7453105],"iteration":815,"passed_time":2.406999322,"remaining_time":0.542754749},
{"learn":[164.6627795],"iteration":816,"passed_time":2.408993316,"remaining_time":0.5395909141},
{"learn":[164.6331517],"iteration":817,"passed_time":2.411384723,"remaining_time":0.5365183614},
{"learn":[164.6043009],"iteration":818,"passed_time":2.413757767,"remaining_time":0.5334434137},
{"learn":[164.5134098],"iteration":819,"passed_time":2.416095375,"remaining_time":0.5303623993},
{"learn":[164.431316],"iteration":820,"passed_time":2.418491432,"remaining_time":0.5272959396},
{"learn":[164.2480605],"iteration":821,"passed_time":2.420793718,"remaining_time":0.5242108051},
{"learn":[164.1441424],"iteration":822,"passed_time":2.423032718,"remaining_time":0.5211139624},
{"learn":[164.1025838],"iteration":823,"passed_time":2.425358145,"remaining_time":0.518037662},
{"learn":[164.058004],"iteration":824,"passed_time":2.427461916,"remaining_time":0.5149161641},
{"learn":[163.9885637],"iteration":825,"passed_time":2.429451731,"remaining_time":0.5117731249},
{"learn":[163.8957828],"iteration":826,"passed_time":2.431619716,"remaining_time":0.5086701461},
{"learn":[163.8465724],"iteration":827,"passed_time":2.433671178,"remaining_time":0.5055452206},
{"learn":[163.7673811],"iteration":828,"passed_time":2.435548763,"remaining_time":0.5023870187},
{"learn":[163.6527967],"iteration":829,"passed_time":2.437550531,"remaining_time":0.4992573378},
{"learn":[163.6140119],"iteration":830,"passed_time":2.439407525,"remaining_time":0.4961009286},
{"learn":[163.5861869],"iteration":831,"passed_time":2.441509252,"remaining_time":0.4929970605},
{"learn":[163.5421193],"iteration":832,"passed_time":2.443541927,"remaining_time":0.4898817548},
{"learn":[163.4898298],"iteration":833,"passed_time":2.445484743,"remaining_time":0.4867511598},
{"learn":[163.4758979],"iteration":834,"passed_time":2.447385938,"remaining_time":0.4836151853},
{"learn":[163.4090711],"iteration":835,"passed_time":2.449328978,"remaining_time":0.4804903736},
{"learn":[163.3515363],"iteration":836,"passed_time":2.451339892,"remaining_time":0.4773816039},
{"learn":[163.1471047],"iteration":837,"passed_time":2.45349412,"remaining_time":0.4743031592},
{"learn":[163.0701906],"iteration":838,"passed_time":2.455397924,"remaining_time":0.4711788626},
{"learn":[162.9975769],"iteration":839,"passed_time":2.457349894,"remaining_time":0.4680666464},
{"learn":[162.9779303],"iteration":840,"passed_time":2.459581627,"remaining_time":0.4650100816},
{"learn":[162.7815513],"iteration":841,"passed_time":2.462065126,"remaining_time":0.4620027197},
{"learn":[162.7329955],"iteration":842,"passed_time":2.464433782,"remaining_time":0.4589752121},
{"learn":[162.689797],"iteration":843,"passed_time":2.46677901,"remaining_time":0.4559449354},
{"learn":[162.6399884],"iteration":844,"passed_time":2.469083509,"remaining_time":0.4529088093},
{"learn":[162.5793172],"iteration":845,"passed_time":2.471310997,"remaining_time":0.4498603942},
{"learn":[162.569075],"iteration":846,"passed_time":2.473577875,"remaining_time":0.4468210329},
{"learn":[162.3963342],"iteration":847,"passed_time":2.475647837,"remaining_time":0.4437481973},
{"learn":[162.3415598],"iteration":848,"passed_time":2.477645331,"remaining_time":0.440664835},
{"learn":[162.1668448],"iteration":849,"passed_time":2.479609682,"remaining_time":0.4375781792},
{"learn":[162.1266307],"iteration":850,"passed_time":2.481620627,"remaining_time":0.4345023189},
{"learn":[162.1082766],"iteration":851,"passed_time":2.48376099,"remaining_time":0.4314514395},
{"learn":[162.0580185],"iteration":852,"passed_time":2.485840746,"remaining_time":0.4283922504},
{"learn":[162.0067097],"iteration":853,"passed_time":2.487789302,"remaining_time":0.4253129251},
{"learn":[161.9871789],"iteration":854,"passed_time":2.489882283,"remaining_time":0.4222607381},
{"learn":[161.9078157],"iteration":855,"passed_time":2.491918689,"remaining_time":0.4192012747},
{"learn":[161.8581317],"iteration":856,"passed_time":2.494146692,"remaining_time":0.4161761691},
{"learn":[161.8513585],"iteration":857,"passed_time":2.496038091,"remaining_time":0.4130972131},
{"learn":[161.7980964],"iteration":858,"passed_time":2.498054924,"remaining_time":0.4100416115},
{"learn":[161.7131435],"iteration":859,"passed_time":2.500148197,"remaining_time":0.4070008693},
{"learn":[161.6754327],"iteration":860,"passed_time":2.502130318,"remaining_time":0.4039443836},
{"learn":[161.6219692],"iteration":861,"passed_time":2.504314428,"remaining_time":0.4009227274},
{"learn":[161.5023498],"iteration":862,"passed_time":2.506590509,"remaining_time":0.3979176127},
{"learn":[161.4407584],"iteration":863,"passed_time":2.508965921,"remaining_time":0.3949298209},
{"learn":[161.3733421],"iteration":864,"passed_time":2.511338899,"remaining_time":0.3919430651},
{"learn":[161.2202339],"iteration":865,"passed_time":2.513651767,"remaining_time":0.3889484259},
{"learn":[161.1405443],"iteration":866,"passed_time":2.516185469,"remaining_time":0.3859892357},
{"learn":[161.1116516],"iteration":867,"passed_time":2.518448494,"remaining_time":0.3829898631},
{"learn":[161.0688754],"iteration":868,"passed_time":2.520680229,"remaining_time":0.3799874683},
{"learn":[161.0180564],"iteration":869,"passed_time":2.522759549,"remaining_time":0.3769640705},
{"learn":[160.9606102],"iteration":870,"passed_time":2.524903692,"remaining_time":0.3739524412},
{"learn":[160.7930424],"iteration":871,"passed_time":2.526961473,"remaining_time":0.3709301244},
{"learn":[160.7429911],"iteration":872,"passed_time":2.528947185,"remaining_time":0.3678995332},
{"learn":[160.7121217],"iteration":873,"passed_time":2.530928661,"remaining_time":0.3648707224},
{"learn":[160.6585175],"iteration":874,"passed_time":2.532891742,"remaining_time":0.3618416774},
{"learn":[160.6478726],"iteration":875,"passed_time":2.534948236,"remaining_time":0.3588282891},
{"learn":[160.5921564],"iteration":876,"passed_time":2.537003749,"remaining_time":0.3558169454},
{"learn":[160.5512254],"iteration":877,"passed_time":2.538914004,"remaining_time":0.3527875951},
{"learn":[160.4793227],"iteration":878,"passed_time":2.540918179,"remaining_time":0.3497737197},
{"learn":[160.4268862],"iteration":879,"passed_time":2.542891506,"remaining_time":0.3467579326},
{"learn":[160.3704889],"iteration":880,"passed_time":2.545255215,"remaining_time":0.3437972425},
{"learn":[160.3270449],"iteration":881,"passed_time":2.547305782,"remaining_time":0.3407960117},
{"learn":[160.2472553],"iteration":882,"passed_time":2.549224852,"remaining_time":0.3377795104},
{"learn":[160.2140692],"iteration":883,"passed_time":2.551225941,"remaining_time":0.3347762547},
{"learn":[160.2011626],"iteration":884,"passed_time":2.553373004,"remaining_time":0.3317942322},
{"learn":[160.1593986],"iteration":885,"passed_time":2.55580796,"remaining_time":0.3288511371},
{"learn":[159.987946],"iteration":886,"passed_time":2.558031577,"remaining_time":0.3258822641},
{"learn":[159.9454428],"iteration":887,"passed_time":2.560275459,"remaining_time":0.3229176255},
{"learn":[159.8939567],"iteration":888,"passed_time":2.562537805,"remaining_time":0.3199569138},
{"learn":[159.8245688],"iteration":889,"passed_time":2.564765377,"remaining_time":0.3169934736},
{"learn":[159.7114724],"iteration":890,"passed_time":2.56725815,"remaining_time":0.3140641283},
{"learn":[159.6243696],"iteration":891,"passed_time":2.569381121,"remaining_time":0.3110909878},
{"learn":[159.5651374],"iteration":892,"passed_time":2.571505567,"remaining_time":0.308119928},
{"learn":[159.4966544],"iteration":893,"passed_time":2.573653849,"remaining_time":0.3051535884},
{"learn":[159.4479537],"iteration":894,"passed_time":2.575664689,"remaining_time":0.3021729523},
{"learn":[159.3860426],"iteration":895,"passed_time":2.577809633,"remaining_time":0.2992100467},
{"learn":[159.3163138],"iteration":896,"passed_time":2.579937373,"remaining_time":0.2962469893},
{"learn":[159.2889516],"iteration":897,"passed_time":2.581999771,"remaining_time":0.2932783704},
{"learn":[159.2048786],"iteration":898,"passed_time":2.584075275,"remaining_time":0.29031324},
{"learn":[159.0702836],"iteration":899,"passed_time":2.586082669,"remaining_time":0.2873425188},
{"learn":[158.940192],"iteration":900,"passed_time":2.588163192,"remaining_time":0.2843819711},
{"learn":[158.7734687],"iteration":901,"passed_time":2.590166266,"remaining_time":0.2814149602},
{"learn":[158.7275564],"iteration":902,"passed_time":2.59233114,"remaining_time":0.2784674647},
{"learn":[158.7049669],"iteration":903,"passed_time":2.594326676,"remaining_time":0.2755037178},
{"learn":[158.6490634],"iteration":904,"passed_time":2.596375126,"remaining_time":0.2725476652},
{"learn":[158.5868687],"iteration":905,"passed_time":2.598397462,"remaining_time":0.2695909066},
{"learn":[158.5204943],"iteration":906,"passed_time":2.600694688,"remaining_time":0.2666643947},
{"learn":[158.4841208],"iteration":907,"passed_time":2.603042284,"remaining_time":0.2637443724},
{"learn":[158.3934393],"iteration":908,"passed_time":2.605373574,"remaining_time":0.2608239772},
{"learn":[158.3223244],"iteration":909,"passed_time":2.607555684,"remaining_time":0.2578901226},
{"learn":[158.2936575],"iteration":910,"passed_time":2.609966717,"remaining_time":0.254980283},
{"learn":[158.2362995],"iteration":911,"passed_time":2.612332106,"remaining_time":0.2520671331},
{"learn":[158.2191674],"iteration":912,"passed_time":2.614555114,"remaining_time":0.2491416155},
{"learn":[158.2003804],"iteration":913,"passed_time":2.616413931,"remaining_time":0.2461833677},
{"learn":[158.0411852],"iteration":914,"passed_time":2.618567659,"remaining_time":0.2432549191},
{"learn":[157.9265515],"iteration":915,"passed_time":2.620593706,"remaining_time":0.2403164534},
{"learn":[157.8704807],"iteration":916,"passed_time":2.622569115,"remaining_time":0.2373753943},
{"learn":[157.8388105],"iteration":917,"passed_time":2.624507785,"remaining_time":0.2344331572},
{"learn":[157.7896742],"iteration":918,"passed_time":2.626532841,"remaining_time":0.2315007183},
{"learn":[157.7207898],"iteration":919,"passed_time":2.628676717,"remaining_time":0.228580584},
{"learn":[157.6337964],"iteration":920,"passed_time":2.630766486,"remaining_time":0.2256574945},
{"learn":[157.602615],"iteration":921,"passed_time":2.632779751,"remaining_time":0.2227297403},
{"learn":[157.579826],"iteration":922,"passed_time":2.634789855,"remaining_time":0.219803704},
{"learn":[157.5120844],"iteration":923,"passed_time":2.63683129,"remaining_time":0.2168822273},
{"learn":[157.395877],"iteration":924,"passed_time":2.639059526,"remaining_time":0.2139777994},
{"learn":[157.2435576],"iteration":925,"passed_time":2.64110891,"remaining_time":0.2110605392},
{"learn":[157.1849529],"iteration":926,"passed_time":2.643267439,"remaining_time":0.2081537466},
{"learn":[157.1540405],"iteration":927,"passed_time":2.645223206,"remaining_time":0.2052328349},
{"learn":[157.0341615],"iteration":928,"passed_time":2.647418067,"remaining_time":0.2023322742},
{"learn":[156.8771742],"iteration":929,"passed_time":2.649822229,"remaining_time":0.199448985},
{"learn":[156.853177],"iteration":930,"passed_time":2.651998644,"remaining_time":0.1965498458},
{"learn":[156.7805136],"iteration":931,"passed_time":2.654343358,"remaining_time":0.1936645368},
{"learn":[156.7448045],"iteration":932,"passed_time":2.656606829,"remaining_time":0.1907745526},
{"learn":[156.7373217],"iteration":933,"passed_time":2.658916473,"remaining_time":0.1878891726},
{"learn":[156.673826],"iteration":934,"passed_time":2.661242543,"remaining_time":0.1850061661},
{"learn":[156.5131772],"iteration":935,"passed_time":2.663451296,"remaining_time":0.1821163279},
{"learn":[156.4092813],"iteration":936,"passed_time":2.66548338,"remaining_time":0.179216065},
{"learn":[156.3471188],"iteration":937,"passed_time":2.66743911,"remaining_time":0.1763126064},
{"learn":[156.2183322],"iteration":938,"passed_time":2.669426416,"remaining_time":0.1734132177},
{"learn":[156.1831369],"iteration":939,"passed_time":2.671399537,"remaining_time":0.1705148641},
{"learn":[156.108739],"iteration":940,"passed_time":2.673385145,"remaining_time":0.1676192599},
{"learn":[156.0714263],"iteration":941,"passed_time":2.675328574,"remaining_time":0.1647229908},
{"learn":[156.0409067],"iteration":942,"passed_time":2.67724217,"remaining_time":0.1618269392},
{"learn":[156.0074377],"iteration":943,"passed_time":2.679313249,"remaining_time":0.1589423114},
{"learn":[155.9456799],"iteration":944,"passed_time":2.68134058,"remaining_time":0.1560568592},
{"learn":[155.9400356],"iteration":945,"passed_time":2.68332222,"remaining_time":0.153170613},
{"learn":[155.7987768],"iteration":946,"passed_time":2.68533996,"remaining_time":0.1502882976},
{"learn":[155.7504461],"iteration":947,"passed_time":2.68735303,"remaining_time":0.1474075502},
{"learn":[155.7079847],"iteration":948,"passed_time":2.689484034,"remaining_time":0.1445349692},
{"learn":[155.6252516],"iteration":949,"passed_time":2.691564166,"remaining_time":0.1416612719},
{"learn":[155.4187177],"iteration":950,"passed_time":2.693578794,"remaining_time":0.1387858685},
{"learn":[155.3320822],"iteration":951,"passed_time":2.695780127,"remaining_time":0.1359216871},
{"learn":[155.1707767],"iteration":952,"passed_time":2.698282709,"remaining_time":0.1330737537},
{"learn":[155.0700446],"iteration":953,"passed_time":2.700813577,"remaining_time":0.1302279083},
{"learn":[154.974748],"iteration":954,"passed_time":2.703307907,"remaining_time":0.1273810008},
{"learn":[154.9645013],"iteration":955,"passed_time":2.705491012,"remaining_time":0.1245205068},
{"learn":[154.8989553],"iteration":956,"passed_time":2.707807172,"remaining_time":0.1216674069},
{"learn":[154.8455212],"iteration":957,"passed_time":2.710139347,"remaining_time":0.11881613},
{"learn":[154.8173278],"iteration":958,"passed_time":2.712259572,"remaining_time":0.1159568743},
{"learn":[154.7038861],"iteration":959,"passed_time":2.714365179,"remaining_time":0.1130985491},
{"learn":[154.6856781],"iteration":960,"passed_time":2.716289533,"remaining_time":0.1102344347},
{"learn":[154.6169452],"iteration":961,"passed_time":2.718291867,"remaining_time":0.1073753544},
{"learn":[154.5036482],"iteration":962,"passed_time":2.720398379,"remaining_time":0.1045220561},
{"learn":[154.3438119],"iteration":963,"passed_time":2.722580728,"remaining_time":0.1016731392},
{"learn":[154.187615],"iteration":964,"passed_time":2.72482639,"remaining_time":0.09882790017},
{"learn":[154.1185495],"iteration":965,"passed_time":2.726885549,"remaining_time":0.09597733817},
{"learn":[153.9023415],"iteration":966,"passed_time":2.728953505,"remaining_time":0.09312871319},
{"learn":[153.8695556],"iteration":967,"passed_time":2.730978614,"remaining_time":0.09028028476},
{"learn":[153.8545985],"iteration":968,"passed_time":2.732899631,"remaining_time":0.08743022556},
{"learn":[153.7966902],"iteration":969,"passed_time":2.734861096,"remaining_time":0.08458333288},
{"learn":[153.7614259],"iteration":970,"passed_time":2.736954703,"remaining_time":0.08174221048},
{"learn":[153.6955203],"iteration":971,"passed_time":2.739196413,"remaining_time":0.07890689254},
{"learn":[153.6219261],"iteration":972,"passed_time":2.741328765,"remaining_time":0.07606976019},
{"learn":[153.6011855],"iteration":973,"passed_time":2.743580462,"remaining_time":0.07323726079},
{"learn":[153.5242058],"iteration":974,"passed_time":2.746041759,"remaining_time":0.07041132715},
{"learn":[153.4577042],"iteration":975,"passed_time":2.748505537,"remaining_time":0.06758620174},
{"learn":[153.367914],"iteration":976,"passed_time":2.751007068,"remaining_time":0.06476270479},
{"learn":[153.2945792],"iteration":977,"passed_time":2.753358158,"remaining_time":0.06193648209},
{"learn":[153.2239545],"iteration":978,"passed_time":2.755722502,"remaining_time":0.05911151434},
{"learn":[153.1676134],"iteration":979,"passed_time":2.757969801,"remaining_time":0.05628509798},
{"learn":[153.0837787],"iteration":980,"passed_time":2.760169048,"remaining_time":0.05345893161},
{"learn":[152.9706029],"iteration":981,"passed_time":2.762242116,"remaining_time":0.05063172921},
{"learn":[152.8298194],"iteration":982,"passed_time":2.764230029,"remaining_time":0.04780458849},
{"learn":[152.7204704],"iteration":983,"passed_time":2.766355383,"remaining_time":0.04498138835},
{"learn":[152.662518],"iteration":984,"passed_time":2.768358854,"remaining_time":0.04215774904},
{"learn":[152.6282376],"iteration":985,"passed_time":2.770324075,"remaining_time":0.03933523027},
{"learn":[152.6075763],"iteration":986,"passed_time":2.772316531,"remaining_time":0.0365148074},
{"learn":[152.4732835],"iteration":987,"passed_time":2.774313806,"remaining_time":0.0336961191},
{"learn":[152.4478944],"iteration":988,"passed_time":2.776299794,"remaining_time":0.03087896636},
{"learn":[152.4200396],"iteration":989,"passed_time":2.778365877,"remaining_time":0.02806430179},
{"learn":[152.3162362],"iteration":990,"passed_time":2.780363576,"remaining_time":0.02525052692},
{"learn":[152.2519961],"iteration":991,"passed_time":2.782418464,"remaining_time":0.02243885858},
{"learn":[152.1903524],"iteration":992,"passed_time":2.784455842,"remaining_time":0.01962859103},
{"learn":[152.1425906],"iteration":993,"passed_time":2.786568012,"remaining_time":0.01682033005},
{"learn":[152.0658437],"iteration":994,"passed_time":2.788609731,"remaining_time":0.01401311423},
{"learn":[152.014129],"iteration":995,"passed_time":2.790992464,"remaining_time":0.01120880508},
{"learn":[151.9709432],"iteration":996,"passed_time":2.794215357,"remaining_time":0.008407869679},
{"learn":[151.9369844],"iteration":997,"passed_time":2.796530241,"remaining_time":0.005604269019},
{"learn":[151.9020751],"iteration":998,"passed_time":2.798834684,"remaining_time":0.00280163632},
{"learn":[151.8698458],"iteration":999,"passed_time":2.801148513,"remaining_time":0}
]}